candidate_id,feature,target_cd_um,focus_um,relative_dose,effective_threshold,measured_cd_um,cd_error_fraction,passed,status
WIDTH_0001,width,0.17,-0.4,0.8,0.4423963133640552,nan,,False,MISSING_FEATURE
WIDTH_0001,width,0.17,-0.4,0.82,0.43160615937956615,nan,,False,MISSING_FEATURE
WIDTH_0001,width,0.17,-0.4,0.84,0.42132982225148125,nan,,False,MISSING_FEATURE
WIDTH_0001,width,0.17,-0.4,0.86,0.41153145429214444,nan,,False,MISSING_FEATURE
WIDTH_0001,width,0.17,-0.4,0.88,0.40217846669459567,nan,,False,MISSING_FEATURE
WIDTH_0001,width,0.17,-0.4,0.9,0.39324116743471577,0.03231647126122408,0.8099031102280937,False,CD_OUT_OF_SPEC
WIDTH_0001,width,0.17,-0.4,0.92,0.3846924464035263,0.05074246126800393,0.701514933717624,False,CD_OUT_OF_SPEC
WIDTH_0001,width,0.17,-0.4,0.94,0.3765075007353662,0.06323110220016112,0.6280523399990523,False,CD_OUT_OF_SPEC
WIDTH_0001,width,0.17,-0.4,0.96,0.3686635944700461,0.07407197890741192,0.564282477015224,False,CD_OUT_OF_SPEC
WIDTH_0001,width,0.17,-0.4,0.98,0.36113984764412677,0.08310464284807756,0.5111491597171909,False,CD_OUT_OF_SPEC
WIDTH_0001,width,0.17,-0.4,1.0,0.35391705069124424,0.09151608035009087,0.46167011558770077,False,CD_OUT_OF_SPEC
WIDTH_0001,width,0.17,-0.4,1.02,0.3469775006776904,0.0986363621067894,0.41978610525418003,False,CD_OUT_OF_SPEC
WIDTH_0001,width,0.17,-0.4,1.04,0.3403048564338887,0.10548278687283896,0.37951301839506496,False,CD_OUT_OF_SPEC
WIDTH_0001,width,0.17,-0.4,1.06,0.33388401008607943,0.11187169493430871,0.3419312062687724,False,CD_OUT_OF_SPEC
WIDTH_0001,width,0.17,-0.4,1.08,0.32770097286226313,0.11760812587400593,0.3081874948587887,False,CD_OUT_OF_SPEC
WIDTH_0001,width,0.17,-0.4,1.1,0.3217427733556765,0.12313595932499369,0.2756708275000372,False,CD_OUT_OF_SPEC
WIDTH_0001,width,0.17,-0.4,1.12,0.3159973666886109,0.12846381846188282,0.24433047963598348,False,CD_OUT_OF_SPEC
WIDTH_0001,width,0.17,-0.4,1.14,0.31045355323793355,0.13341156118957587,0.21522611064955377,False,CD_OUT_OF_SPEC
WIDTH_0001,width,0.17,-0.4,1.16,0.305100905768314,0.13810509803714976,0.18761707036970732,False,CD_OUT_OF_SPEC
WIDTH_0001,width,0.17,-0.4,1.18,0.2999297039756307,0.1426395319407492,0.16094392976029895,False,CD_OUT_OF_SPEC
WIDTH_0001,width,0.17,-0.4,1.2,0.29493087557603687,0.14702281804754652,0.1351598938379617,False,CD_OUT_OF_SPEC
WIDTH_0001,width,0.17,-0.35,0.8,0.4423963133640552,0.022812433320711048,0.8658092157605232,False,CD_OUT_OF_SPEC
WIDTH_0001,width,0.17,-0.35,0.82,0.43160615937956615,0.04577419023986783,0.7307400574125421,False,CD_OUT_OF_SPEC
WIDTH_0001,width,0.17,-0.35,0.84,0.42132982225148125,0.059868627909054443,0.6478316005349738,False,CD_OUT_OF_SPEC
WIDTH_0001,width,0.17,-0.35,0.86,0.41153145429214444,0.07162403225471178,0.5786821632075778,False,CD_OUT_OF_SPEC
WIDTH_0001,width,0.17,-0.35,0.88,0.40217846669459567,0.08079585551153998,0.5247302616968237,False,CD_OUT_OF_SPEC
WIDTH_0001,width,0.17,-0.35,0.9,0.39324116743471577,0.0895420937005783,0.47328180176130413,False,CD_OUT_OF_SPEC
WIDTH_0001,width,0.17,-0.35,0.92,0.3846924464035263,0.09677555492473809,0.43073202985448183,False,CD_OUT_OF_SPEC
WIDTH_0001,width,0.17,-0.35,0.94,0.3765075007353662,0.10362231713142334,0.390456958050451,False,CD_OUT_OF_SPEC
WIDTH_0001,width,0.17,-0.35,0.96,0.3686635944700461,0.11013753612167615,0.3521321404607286,False,CD_OUT_OF_SPEC
WIDTH_0001,width,0.17,-0.35,0.98,0.36113984764412677,0.11584341866552755,0.3185681254968968,False,CD_OUT_OF_SPEC
WIDTH_0001,width,0.17,-0.35,1.0,0.35391705069124424,0.12129389246582883,0.2865065149068893,False,CD_OUT_OF_SPEC
WIDTH_0001,width,0.17,-0.35,1.02,0.3469775006776904,0.12653062219553438,0.2557022223792096,False,CD_OUT_OF_SPEC
WIDTH_0001,width,0.17,-0.35,1.04,0.3403048564338887,0.13147618320611923,0.2266106870228281,False,CD_OUT_OF_SPEC
WIDTH_0001,width,0.17,-0.35,1.06,0.33388401008607943,0.13604301158387627,0.1997469906830808,False,CD_OUT_OF_SPEC
WIDTH_0001,width,0.17,-0.35,1.08,0.32770097286226313,0.14044069816986085,0.1738782460596421,False,CD_OUT_OF_SPEC
WIDTH_0001,width,0.17,-0.35,1.1,0.3217427733556765,0.14467846887999564,0.14895018305884924,False,CD_OUT_OF_SPEC
WIDTH_0001,width,0.17,-0.35,1.12,0.3159973666886109,0.14876489063619003,0.12491240802241166,False,CD_OUT_OF_SPEC
WIDTH_0001,width,0.17,-0.35,1.14,0.31045355323793355,0.15264879736293965,0.10206589786506093,False,CD_OUT_OF_SPEC
WIDTH_0001,width,0.17,-0.35,1.16,0.305100905768314,0.15637209634361754,0.08016413915519101,True,PASS
WIDTH_0001,width,0.17,-0.35,1.18,0.2999297039756307,0.15996918179952377,0.0590048129439779,True,PASS
WIDTH_0001,width,0.17,-0.35,1.2,0.29493087557603687,0.16344636440689697,0.038550797606488475,True,PASS
WIDTH_0001,width,0.17,-0.3,0.8,0.4423963133640552,0.07876321711511652,0.5366869581463735,False,CD_OUT_OF_SPEC
WIDTH_0001,width,0.17,-0.3,0.82,0.43160615937956615,0.08774026334778329,0.48388080383656895,False,CD_OUT_OF_SPEC
WIDTH_0001,width,0.17,-0.3,0.84,0.42132982225148125,0.09535819068983956,0.4390694665303556,False,CD_OUT_OF_SPEC
WIDTH_0001,width,0.17,-0.3,0.86,0.41153145429214444,0.10230255770407892,0.39822024879953577,False,CD_OUT_OF_SPEC
WIDTH_0001,width,0.17,-0.3,0.88,0.40217846669459567,0.10893127167222064,0.3592278136928198,False,CD_OUT_OF_SPEC
WIDTH_0001,width,0.17,-0.3,0.9,0.39324116743471577,0.11474217676050921,0.3250460190558282,False,CD_OUT_OF_SPEC
WIDTH_0001,width,0.17,-0.3,0.92,0.3846924464035263,0.12019870757165935,0.2929487789902392,False,CD_OUT_OF_SPEC
WIDTH_0001,width,0.17,-0.3,0.94,0.3765075007353662,0.1254230455823303,0.2622173789274688,False,CD_OUT_OF_SPEC
WIDTH_0001,width,0.17,-0.3,0.96,0.3686635944700461,0.13040440897572747,0.23291524131925023,False,CD_OUT_OF_SPEC
WIDTH_0001,width,0.17,-0.3,0.98,0.36113984764412677,0.13492187769516412,0.20634189591079938,False,CD_OUT_OF_SPEC
WIDTH_0001,width,0.17,-0.3,1.0,0.35391705069124424,0.1392586476658245,0.18083148431867951,False,CD_OUT_OF_SPEC
WIDTH_0001,width,0.17,-0.3,1.02,0.3469775006776904,0.1434253482258686,0.15632148102430235,False,CD_OUT_OF_SPEC
WIDTH_0001,width,0.17,-0.3,1.04,0.3403048564338887,0.14743179107207066,0.13275417016429028,False,CD_OUT_OF_SPEC
WIDTH_0001,width,0.17,-0.3,1.06,0.33388401008607943,0.15125621632709663,0.11025755101707874,False,CD_OUT_OF_SPEC
WIDTH_0001,width,0.17,-0.3,1.08,0.32770097286226313,0.1548789624209076,0.08894727987701422,True,PASS
WIDTH_0001,width,0.17,-0.3,1.1,0.3217427733556765,0.15836997229313632,0.06841192768743348,True,PASS
WIDTH_0001,width,0.17,-0.3,1.12,0.3159973666886109,0.16173630324134314,0.048609980933275725,True,PASS
WIDTH_0001,width,0.17,-0.3,1.14,0.31045355323793355,0.16498451731417269,0.02950283932839604,True,PASS
WIDTH_0001,width,0.17,-0.3,1.16,0.305100905768314,0.16812072400519593,0.011054564675318151,True,PASS
WIDTH_0001,width,0.17,-0.3,1.18,0.2999297039756307,0.17116046937380577,0.006826290434151537,True,PASS
WIDTH_0001,width,0.17,-0.3,1.2,0.29493087557603687,0.1741134711635961,0.02419688919762405,True,PASS
WIDTH_0001,width,0.17,-0.25,0.8,0.4423963133640552,0.10235772772169807,0.39789571928412903,False,CD_OUT_OF_SPEC
WIDTH_0001,width,0.17,-0.25,0.82,0.43160615937956615,0.10904990746067214,0.3585299561136933,False,CD_OUT_OF_SPEC
WIDTH_0001,width,0.17,-0.25,0.84,0.42132982225148125,0.11487848804764682,0.32424418795501875,False,CD_OUT_OF_SPEC
WIDTH_0001,width,0.17,-0.25,0.86,0.41153145429214444,0.12034494083927386,0.29208858329838916,False,CD_OUT_OF_SPEC
WIDTH_0001,width,0.17,-0.25,0.88,0.40217846669459567,0.12556291850400692,0.2613945970352535,False,CD_OUT_OF_SPEC
WIDTH_0001,width,0.17,-0.25,0.9,0.39324116743471577,0.1305157380577871,0.2322603643659583,False,CD_OUT_OF_SPEC
WIDTH_0001,width,0.17,-0.25,0.92,0.3846924464035263,0.13499581332628124,0.2059069804336398,False,CD_OUT_OF_SPEC
WIDTH_0001,width,0.17,-0.25,0.94,0.3765075007353662,0.13928524709396156,0.1806750170943438,False,CD_OUT_OF_SPEC
WIDTH_0001,width,0.17,-0.25,0.96,0.3686635944700461,0.1433959544546769,0.15649438556072418,False,CD_OUT_OF_SPEC
WIDTH_0001,width,0.17,-0.25,0.98,0.36113984764412677,0.14733887784146282,0.13330071857963052,False,CD_OUT_OF_SPEC
WIDTH_0001,width,0.17,-0.25,1.0,0.35391705069124424,0.1510952533983353,0.11120439177449834,False,CD_OUT_OF_SPEC
WIDTH_0001,width,0.17,-0.25,1.02,0.3469775006776904,0.15463846480900464,0.09036197171173745,True,PASS
WIDTH_0001,width,0.17,-0.25,1.04,0.3403048564338887,0.15804539885774516,0.07032118318973445,True,PASS
WIDTH_0001,width,0.17,-0.25,1.06,0.33388401008607943,0.16132376935745743,0.05103665083848577,True,PASS
WIDTH_0001,width,0.17,-0.25,1.08,0.32770097286226313,0.16448071872754738,0.03246636042619194,True,PASS
WIDTH_0001,width,0.17,-0.25,1.1,0.3217427733556765,0.16752286993873333,0.014571353301568706,True,PASS
WIDTH_0001,width,0.17,-0.25,1.12,0.3159973666886109,0.1704594702803073,0.0027027663547487925,True,PASS
WIDTH_0001,width,0.17,-0.25,1.14,0.31045355323793355,0.1733083557782567,0.019460916342686433,True,PASS
WIDTH_0001,width,0.17,-0.25,1.16,0.305100905768314,0.17605900384524062,0.035641199089650626,True,PASS
WIDTH_0001,width,0.17,-0.25,1.18,0.2999297039756307,0.1787164096048549,0.051272997675617035,True,PASS
WIDTH_0001,width,0.17,-0.25,1.2,0.29493087557603687,0.1812852351724981,0.06638373630881221,True,PASS
WIDTH_0001,width,0.17,-0.2,0.8,0.4423963133640552,0.11680307542750831,0.3129230857205394,False,CD_OUT_OF_SPEC
WIDTH_0001,width,0.17,-0.2,0.82,0.43160615937956615,0.12221772387653415,0.28107221249097564,False,CD_OUT_OF_SPEC
WIDTH_0001,width,0.17,-0.2,0.84,0.42132982225148125,0.12737453192324705,0.25073804751031153,False,CD_OUT_OF_SPEC
WIDTH_0001,width,0.17,-0.2,0.86,0.41153145429214444,0.13215022701357304,0.2226457234495704,False,CD_OUT_OF_SPEC
WIDTH_0001,width,0.17,-0.2,0.88,0.40217846669459567,0.13655456708827474,0.19673784065720748,False,CD_OUT_OF_SPEC
WIDTH_0001,width,0.17,-0.2,0.9,0.39324116743471577,0.14076315871523204,0.17198141932216454,False,CD_OUT_OF_SPEC
WIDTH_0001,width,0.17,-0.2,0.92,0.3846924464035263,0.14478876809752056,0.14830136413223208,False,CD_OUT_OF_SPEC
WIDTH_0001,width,0.17,-0.2,0.94,0.3765075007353662,0.1486430749529032,0.12562897086527544,False,CD_OUT_OF_SPEC
WIDTH_0001,width,0.17,-0.2,0.96,0.3686635944700461,0.15227397534921194,0.10427073323992982,False,CD_OUT_OF_SPEC
WIDTH_0001,width,0.17,-0.2,0.98,0.36113984764412677,0.1557217946479117,0.08398944324757834,True,PASS
WIDTH_0001,width,0.17,-0.2,1.0,0.35391705069124424,0.1590317011746668,0.06451940485490121,True,PASS
WIDTH_0001,width,0.17,-0.2,1.02,0.3469775006776904,0.162211807445461,0.045812897379641324,True,PASS
WIDTH_0001,width,0.17,-0.2,1.04,0.3403048564338887,0.1652696019366164,0.027825870961080003,True,PASS
WIDTH_0001,width,0.17,-0.2,1.06,0.33388401008607943,0.16821200795640678,0.010517600256430755,True,PASS
WIDTH_0001,width,0.17,-0.2,1.08,0.32770097286226313,0.1710508453720175,0.0061814433648087926,True,PASS
WIDTH_0001,width,0.17,-0.2,1.1,0.3217427733556765,0.1737954366883906,0.02232609816700341,True,PASS
WIDTH_0001,width,0.17,-0.2,1.12,0.3159973666886109,0.17644200688632466,0.03789415815485089,True,PASS
WIDTH_0001,width,0.17,-0.2,1.14,0.31045355323793355,0.17899571497205322,0.05291597042384237,True,PASS
WIDTH_0001,width,0.17,-0.2,1.16,0.305100905768314,0.1814613641582754,0.06741978916632585,True,PASS
WIDTH_0001,width,0.17,-0.2,1.18,0.2999297039756307,0.1838434320161491,0.08143195303617116,True,PASS
WIDTH_0001,width,0.17,-0.2,1.2,0.29493087557603687,0.18614609761209122,0.09497704477700711,True,PASS
WIDTH_0001,width,0.17,-0.15,0.8,0.4423963133640552,0.12615629072857842,0.25790417218483286,False,CD_OUT_OF_SPEC
WIDTH_0001,width,0.17,-0.15,0.82,0.43160615937956615,0.13108232750320936,0.2289274852752391,False,CD_OUT_OF_SPEC
WIDTH_0001,width,0.17,-0.15,0.84,0.42132982225148125,0.13554600761346447,0.20267054345020905,False,CD_OUT_OF_SPEC
WIDTH_0001,width,0.17,-0.15,0.86,0.41153145429214444,0.13980207469534686,0.1776348547332538,False,CD_OUT_OF_SPEC
WIDTH_0001,width,0.17,-0.15,0.88,0.40217846669459567,0.1438646841825838,0.15373715186715417,False,CD_OUT_OF_SPEC
WIDTH_0001,width,0.17,-0.15,0.9,0.39324116743471577,0.14774673324816762,0.13090156912842585,False,CD_OUT_OF_SPEC
WIDTH_0001,width,0.17,-0.15,0.92,0.3846924464035263,0.15141945256283934,0.109297337865651,False,CD_OUT_OF_SPEC
WIDTH_0001,width,0.17,-0.15,0.94,0.3765075007353662,0.15487641394652535,0.08896227090279213,True,PASS
WIDTH_0001,width,0.17,-0.15,0.96,0.3686635944700461,0.15818933527257148,0.06947449839663843,True,PASS
WIDTH_0001,width,0.17,-0.15,0.98,0.36113984764412677,0.16136703531999294,0.05078214517651218,True,PASS
WIDTH_0001,width,0.17,-0.15,1.0,0.35391705069124424,0.16441762736551474,0.03283748608520748,True,PASS
WIDTH_0001,width,0.17,-0.15,1.02,0.3469775006776904,0.1673485883504346,0.015596539115090714,True,PASS
WIDTH_0001,width,0.17,-0.15,1.04,0.3403048564338887,0.17016743972334275,0.000984939549074931,True,PASS
WIDTH_0001,width,0.17,-0.15,1.06,0.33388401008607943,0.17289093882053946,0.017005522473761477,True,PASS
WIDTH_0001,width,0.17,-0.15,1.08,0.32770097286226313,0.17551361308633534,0.032433018154913694,True,PASS
WIDTH_0001,width,0.17,-0.15,1.1,0.3217427733556765,0.1780409173788216,0.0472995139930682,True,PASS
WIDTH_0001,width,0.17,-0.15,1.12,0.3159973666886109,0.1804779608037247,0.06163506355132163,True,PASS
WIDTH_0001,width,0.17,-0.15,1.14,0.31045355323793355,0.18282949393301712,0.07546761137068884,True,PASS
WIDTH_0001,width,0.17,-0.15,1.16,0.305100905768314,0.18509993971301777,0.08882317478245742,True,PASS
WIDTH_0001,width,0.17,-0.15,1.18,0.2999297039756307,0.18729342122928766,0.1017260072311038,False,CD_OUT_OF_SPEC
WIDTH_0001,width,0.17,-0.15,1.2,0.29493087557603687,0.1894137866950199,0.11419874526482288,False,CD_OUT_OF_SPEC
WIDTH_0001,width,0.17,-0.1,0.8,0.4423963133640552,0.13209762154894672,0.222955167359137,False,CD_OUT_OF_SPEC
WIDTH_0001,width,0.17,-0.1,0.82,0.43160615937956615,0.13652709017062037,0.19689946958458612,False,CD_OUT_OF_SPEC
WIDTH_0001,width,0.17,-0.1,0.84,0.42132982225148125,0.14074563171508464,0.1720845193230316,False,CD_OUT_OF_SPEC
WIDTH_0001,width,0.17,-0.1,0.86,0.41153145429214444,0.14476796202491188,0.14842375279463607,False,CD_OUT_OF_SPEC
WIDTH_0001,width,0.17,-0.1,0.88,0.40217846669459567,0.14860745913883938,0.12583847565388606,False,CD_OUT_OF_SPEC
WIDTH_0001,width,0.17,-0.1,0.9,0.39324116743471577,0.1522119112569781,0.10463581613542294,False,CD_OUT_OF_SPEC
WIDTH_0001,width,0.17,-0.1,0.92,0.3846924464035263,0.15562235768353627,0.08457436656743376,True,PASS
WIDTH_0001,width,0.17,-0.1,0.94,0.3765075007353662,0.15888767873024168,0.0653665957044608,True,PASS
WIDTH_0001,width,0.17,-0.1,0.96,0.3686635944700461,0.16201694473333733,0.04695914862742753,True,PASS
WIDTH_0001,width,0.17,-0.1,0.98,0.36113984764412677,0.16501848559344573,0.029303025920907545,True,PASS
WIDTH_0001,width,0.17,-0.1,1.0,0.35391705069124424,0.16789996481915415,0.012353148122622741,True,PASS
WIDTH_0001,width,0.17,-0.1,1.02,0.3469775006776904,0.1706706966434129,0.003945274373016923,True,PASS
WIDTH_0001,width,0.17,-0.1,1.04,0.3403048564338887,0.17334254707521332,0.019662041618901817,True,PASS
WIDTH_0001,width,0.17,-0.1,1.06,0.33388401008607943,0.17591357296241944,0.03478572330834957,True,PASS
WIDTH_0001,width,0.17,-0.1,1.08,0.32770097286226313,0.1783893756686049,0.04934926863885234,True,PASS
WIDTH_0001,width,0.17,-0.1,1.1,0.3217427733556765,0.18077514918548782,0.06338323050286943,True,PASS
WIDTH_0001,width,0.17,-0.1,1.12,0.3159973666886109,0.18307571650533955,0.07691597944317373,True,PASS
WIDTH_0001,width,0.17,-0.1,1.14,0.31045355323793355,0.1852955621648464,0.08997389508733175,True,PASS
WIDTH_0001,width,0.17,-0.1,1.16,0.305100905768314,0.18743886142229277,0.10258153777819268,False,CD_OUT_OF_SPEC
WIDTH_0001,width,0.17,-0.1,1.18,0.2999297039756307,0.1895095064676259,0.11476180275074054,False,CD_OUT_OF_SPEC
WIDTH_0001,width,0.17,-0.1,1.2,0.29493087557603687,0.19156295019528996,0.12684088350170558,False,CD_OUT_OF_SPEC
WIDTH_0001,width,0.17,-0.05,0.8,0.4423963133640552,0.13531255753974178,0.2040437791779896,False,CD_OUT_OF_SPEC
WIDTH_0001,width,0.17,-0.05,0.82,0.43160615937956615,0.13959638349655382,0.1788448029614482,False,CD_OUT_OF_SPEC
WIDTH_0001,width,0.17,-0.05,0.84,0.42132982225148125,0.14367621774113196,0.15484577799334148,False,CD_OUT_OF_SPEC
WIDTH_0001,width,0.17,-0.05,0.86,0.41153145429214444,0.14756629225340778,0.13196298674466017,False,CD_OUT_OF_SPEC
WIDTH_0001,width,0.17,-0.05,0.88,0.40217846669459567,0.1512427988002202,0.11033647764576356,False,CD_OUT_OF_SPEC
WIDTH_0001,width,0.17,-0.05,0.9,0.39324116743471577,0.15468994570950956,0.09005914288523796,True,PASS
WIDTH_0001,width,0.17,-0.05,0.92,0.3846924464035263,0.15798721666623103,0.07066343137511166,True,PASS
WIDTH_0001,width,0.17,-0.05,0.94,0.3765075007353662,0.16114417822053012,0.052093069290999355,True,PASS
WIDTH_0001,width,0.17,-0.05,0.96,0.3686635944700461,0.1641695997100684,0.03429647229371541,True,PASS
WIDTH_0001,width,0.17,-0.05,0.98,0.36113984764412677,0.16707153460819418,0.017226267010622524,True,PASS
WIDTH_0001,width,0.17,-0.05,1.0,0.35391705069124424,0.16985762784034736,0.0008374832920744348,True,PASS
WIDTH_0001,width,0.17,-0.05,1.02,0.3469775006776904,0.17254223850722972,0.014954344160174734,True,PASS
WIDTH_0001,width,0.17,-0.05,1.04,0.3403048564338887,0.1751245360303389,0.03014432959022872,True,PASS
WIDTH_0001,width,0.17,-0.05,1.06,0.33388401008607943,0.17760938836389734,0.04476110802292543,True,PASS
WIDTH_0001,width,0.17,-0.05,1.08,0.32770097286226313,0.18000220912954684,0.05883652429145193,True,PASS
WIDTH_0001,width,0.17,-0.05,1.1,0.3217427733556765,0.18230801823099135,0.07240010724112553,True,PASS
WIDTH_0001,width,0.17,-0.05,1.12,0.3159973666886109,0.18453147700737027,0.08547927651394269,True,PASS
WIDTH_0001,width,0.17,-0.05,1.14,0.31045355323793355,0.18667691968634398,0.09809952756672921,True,PASS
WIDTH_0001,width,0.17,-0.05,1.16,0.305100905768314,0.18874838158328905,0.11028459754875904,False,CD_OUT_OF_SPEC
WIDTH_0001,width,0.17,-0.05,1.18,0.2999297039756307,0.1907749080602987,0.12220534153116876,False,CD_OUT_OF_SPEC
WIDTH_0001,width,0.17,-0.05,1.2,0.29493087557603687,0.1927753047412361,0.13397238083080057,False,CD_OUT_OF_SPEC
WIDTH_0001,width,0.17,0.0,0.8,0.4423963133640552,0.13635173552020347,0.19793096752821496,False,CD_OUT_OF_SPEC
WIDTH_0001,width,0.17,0.0,0.82,0.43160615937956615,0.14058839914081106,0.17300941681875853,False,CD_OUT_OF_SPEC
WIDTH_0001,width,0.17,0.0,0.84,0.42132982225148125,0.14462331687470287,0.14927460661939496,False,CD_OUT_OF_SPEC
WIDTH_0001,width,0.17,0.0,0.86,0.41153145429214444,0.14847056401633474,0.12664374108038395,False,CD_OUT_OF_SPEC
WIDTH_0001,width,0.17,0.0,0.88,0.40217846669459567,0.15208136809648493,0.1054037170795005,False,CD_OUT_OF_SPEC
WIDTH_0001,width,0.17,0.0,0.9,0.39324116743471577,0.15549021351742098,0.08535168519164134,True,PASS
WIDTH_0001,width,0.17,0.0,0.92,0.3846924464035263,0.15875084826788505,0.06617148077714685,True,PASS
WIDTH_0001,width,0.17,0.0,0.94,0.3765075007353662,0.16187273260343651,0.04780745527390293,True,PASS
WIDTH_0001,width,0.17,0.0,0.96,0.3686635944700461,0.16486453842499865,0.030208597500007997,True,PASS
WIDTH_0001,width,0.17,0.0,0.98,0.36113984764412677,0.1677342297232402,0.013328060451528291,True,PASS
WIDTH_0001,width,0.17,0.0,1.0,0.35391705069124424,0.17049044132902014,0.002884948994236028,True,PASS
WIDTH_0001,width,0.17,0.0,1.02,0.3469775006776904,0.1731458930615159,0.018505253303034624,True,PASS
WIDTH_0001,width,0.17,0.0,1.04,0.3403048564338887,0.17569921203507577,0.03352477667691622,True,PASS
WIDTH_0001,width,0.17,0.0,1.06,0.33388401008607943,0.178156179349242,0.04797752558377636,True,PASS
WIDTH_0001,width,0.17,0.0,1.08,0.32770097286226313,0.18052214787400894,0.061894987494170176,True,PASS
WIDTH_0001,width,0.17,0.0,1.1,0.3217427733556765,0.1828020811796945,0.07530635988055573,True,PASS
WIDTH_0001,width,0.17,0.0,1.12,0.3159973666886109,0.18500058829588528,0.08823875468167805,True,PASS
WIDTH_0001,width,0.17,0.0,1.14,0.31045355323793355,0.18712195481150876,0.10071738124416907,False,CD_OUT_OF_SPEC
WIDTH_0001,width,0.17,0.0,1.16,0.305100905768314,0.18917017075763015,0.11276571033900082,False,CD_OUT_OF_SPEC
WIDTH_0001,width,0.17,0.0,1.18,0.2999297039756307,0.1911876797917415,0.12463341053965583,False,CD_OUT_OF_SPEC
WIDTH_0001,width,0.17,0.0,1.2,0.29493087557603687,0.1931653948269031,0.1362670283935475,False,CD_OUT_OF_SPEC
WIDTH_0001,width,0.17,0.05,0.8,0.4423963133640552,0.13531255753974175,0.20404377917798974,False,CD_OUT_OF_SPEC
WIDTH_0001,width,0.17,0.05,0.82,0.43160615937956615,0.13959638349655382,0.1788448029614482,False,CD_OUT_OF_SPEC
WIDTH_0001,width,0.17,0.05,0.84,0.42132982225148125,0.14367621774113196,0.15484577799334148,False,CD_OUT_OF_SPEC
WIDTH_0001,width,0.17,0.05,0.86,0.41153145429214444,0.14756629225340778,0.13196298674466017,False,CD_OUT_OF_SPEC
WIDTH_0001,width,0.17,0.05,0.88,0.40217846669459567,0.15124279880022024,0.11033647764576339,False,CD_OUT_OF_SPEC
WIDTH_0001,width,0.17,0.05,0.9,0.39324116743471577,0.15468994570950956,0.09005914288523796,True,PASS
WIDTH_0001,width,0.17,0.05,0.92,0.3846924464035263,0.15798721666623103,0.07066343137511166,True,PASS
WIDTH_0001,width,0.17,0.05,0.94,0.3765075007353662,0.16114417822053012,0.052093069290999355,True,PASS
WIDTH_0001,width,0.17,0.05,0.96,0.3686635944700461,0.16416959971006842,0.03429647229371525,True,PASS
WIDTH_0001,width,0.17,0.05,0.98,0.36113984764412677,0.16707153460819418,0.017226267010622524,True,PASS
WIDTH_0001,width,0.17,0.05,1.0,0.35391705069124424,0.16985762784034736,0.0008374832920744348,True,PASS
WIDTH_0001,width,0.17,0.05,1.02,0.3469775006776904,0.17254223850722974,0.014954344160174897,True,PASS
WIDTH_0001,width,0.17,0.05,1.04,0.3403048564338887,0.1751245360303389,0.03014432959022872,True,PASS
WIDTH_0001,width,0.17,0.05,1.06,0.33388401008607943,0.17760938836389736,0.04476110802292559,True,PASS
WIDTH_0001,width,0.17,0.05,1.08,0.32770097286226313,0.1800022091295469,0.05883652429145226,True,PASS
WIDTH_0001,width,0.17,0.05,1.1,0.3217427733556765,0.18230801823099135,0.07240010724112553,True,PASS
WIDTH_0001,width,0.17,0.05,1.12,0.3159973666886109,0.18453147700737033,0.08547927651394302,True,PASS
WIDTH_0001,width,0.17,0.05,1.14,0.31045355323793355,0.18667691968634403,0.09809952756672953,True,PASS
WIDTH_0001,width,0.17,0.05,1.16,0.305100905768314,0.18874838158328905,0.11028459754875904,False,CD_OUT_OF_SPEC
WIDTH_0001,width,0.17,0.05,1.18,0.2999297039756307,0.19077490806029873,0.12220534153116892,False,CD_OUT_OF_SPEC
WIDTH_0001,width,0.17,0.05,1.2,0.29493087557603687,0.19277530474123616,0.13397238083080087,False,CD_OUT_OF_SPEC
WIDTH_0001,width,0.17,0.1,0.8,0.4423963133640552,0.13209762154894672,0.222955167359137,False,CD_OUT_OF_SPEC
WIDTH_0001,width,0.17,0.1,0.82,0.43160615937956615,0.13652709017062034,0.1968994695845863,False,CD_OUT_OF_SPEC
WIDTH_0001,width,0.17,0.1,0.84,0.42132982225148125,0.14074563171508458,0.17208451932303193,False,CD_OUT_OF_SPEC
WIDTH_0001,width,0.17,0.1,0.86,0.41153145429214444,0.14476796202491185,0.14842375279463624,False,CD_OUT_OF_SPEC
WIDTH_0001,width,0.17,0.1,0.88,0.40217846669459567,0.14860745913883938,0.12583847565388606,False,CD_OUT_OF_SPEC
WIDTH_0001,width,0.17,0.1,0.9,0.39324116743471577,0.15221191125697808,0.10463581613542311,False,CD_OUT_OF_SPEC
WIDTH_0001,width,0.17,0.1,0.92,0.3846924464035263,0.15562235768353624,0.08457436656743392,True,PASS
WIDTH_0001,width,0.17,0.1,0.94,0.3765075007353662,0.1588876787302417,0.06536659570446063,True,PASS
WIDTH_0001,width,0.17,0.1,0.96,0.3686635944700461,0.16201694473333733,0.04695914862742753,True,PASS
WIDTH_0001,width,0.17,0.1,0.98,0.36113984764412677,0.16501848559344573,0.029303025920907545,True,PASS
WIDTH_0001,width,0.17,0.1,1.0,0.35391705069124424,0.16789996481915417,0.012353148122622578,True,PASS
WIDTH_0001,width,0.17,0.1,1.02,0.3469775006776904,0.17067069664341294,0.003945274373017249,True,PASS
WIDTH_0001,width,0.17,0.1,1.04,0.3403048564338887,0.17334254707521335,0.01966204161890198,True,PASS
WIDTH_0001,width,0.17,0.1,1.06,0.33388401008607943,0.1759135729624195,0.0347857233083499,True,PASS
WIDTH_0001,width,0.17,0.1,1.08,0.32770097286226313,0.1783893756686049,0.04934926863885234,True,PASS
WIDTH_0001,width,0.17,0.1,1.1,0.3217427733556765,0.18077514918548782,0.06338323050286943,True,PASS
WIDTH_0001,width,0.17,0.1,1.12,0.3159973666886109,0.18307571650533955,0.07691597944317373,True,PASS
WIDTH_0001,width,0.17,0.1,1.14,0.31045355323793355,0.18529556216484638,0.08997389508733158,True,PASS
WIDTH_0001,width,0.17,0.1,1.16,0.305100905768314,0.18743886142229277,0.10258153777819268,False,CD_OUT_OF_SPEC
WIDTH_0001,width,0.17,0.1,1.18,0.2999297039756307,0.18950950646762588,0.11476180275074037,False,CD_OUT_OF_SPEC
WIDTH_0001,width,0.17,0.1,1.2,0.29493087557603687,0.1915629501952899,0.12684088350170525,False,CD_OUT_OF_SPEC
WIDTH_0001,width,0.17,0.15,0.8,0.4423963133640552,0.1261562907285784,0.257904172184833,False,CD_OUT_OF_SPEC
WIDTH_0001,width,0.17,0.15,0.82,0.43160615937956615,0.13108232750320933,0.22892748527523926,False,CD_OUT_OF_SPEC
WIDTH_0001,width,0.17,0.15,0.84,0.42132982225148125,0.13554600761346441,0.20267054345020938,False,CD_OUT_OF_SPEC
WIDTH_0001,width,0.17,0.15,0.86,0.41153145429214444,0.13980207469534683,0.17763485473325397,False,CD_OUT_OF_SPEC
WIDTH_0001,width,0.17,0.15,0.88,0.40217846669459567,0.14386468418258377,0.15373715186715434,False,CD_OUT_OF_SPEC
WIDTH_0001,width,0.17,0.15,0.9,0.39324116743471577,0.1477467332481676,0.13090156912842602,False,CD_OUT_OF_SPEC
WIDTH_0001,width,0.17,0.15,0.92,0.3846924464035263,0.15141945256283929,0.10929733786565132,False,CD_OUT_OF_SPEC
WIDTH_0001,width,0.17,0.15,0.94,0.3765075007353662,0.1548764139465253,0.08896227090279246,True,PASS
WIDTH_0001,width,0.17,0.15,0.96,0.3686635944700461,0.15818933527257145,0.06947449839663858,True,PASS
WIDTH_0001,width,0.17,0.15,0.98,0.36113984764412677,0.1613670353199929,0.05078214517651235,True,PASS
WIDTH_0001,width,0.17,0.15,1.0,0.35391705069124424,0.1644176273655147,0.032837486085207646,True,PASS
WIDTH_0001,width,0.17,0.15,1.02,0.3469775006776904,0.16734858835043456,0.015596539115090877,True,PASS
WIDTH_0001,width,0.17,0.15,1.04,0.3403048564338887,0.17016743972334272,0.0009849395490747676,True,PASS
WIDTH_0001,width,0.17,0.15,1.06,0.33388401008607943,0.17289093882053946,0.017005522473761477,True,PASS
WIDTH_0001,width,0.17,0.15,1.08,0.32770097286226313,0.17551361308633534,0.032433018154913694,True,PASS
WIDTH_0001,width,0.17,0.15,1.1,0.3217427733556765,0.17804091737882155,0.047299513993067865,True,PASS
WIDTH_0001,width,0.17,0.15,1.12,0.3159973666886109,0.18047796080372464,0.061635063551321305,True,PASS
WIDTH_0001,width,0.17,0.15,1.14,0.31045355323793355,0.18282949393301706,0.07546761137068853,True,PASS
WIDTH_0001,width,0.17,0.15,1.16,0.305100905768314,0.18509993971301777,0.08882317478245742,True,PASS
WIDTH_0001,width,0.17,0.15,1.18,0.2999297039756307,0.18729342122928766,0.1017260072311038,False,CD_OUT_OF_SPEC
WIDTH_0001,width,0.17,0.15,1.2,0.29493087557603687,0.1894137866950199,0.11419874526482288,False,CD_OUT_OF_SPEC
WIDTH_0001,width,0.17,0.2,0.8,0.4423963133640552,0.11680307542750831,0.3129230857205394,False,CD_OUT_OF_SPEC
WIDTH_0001,width,0.17,0.2,0.82,0.43160615937956615,0.12221772387653415,0.28107221249097564,False,CD_OUT_OF_SPEC
WIDTH_0001,width,0.17,0.2,0.84,0.42132982225148125,0.12737453192324708,0.25073804751031137,False,CD_OUT_OF_SPEC
WIDTH_0001,width,0.17,0.2,0.86,0.41153145429214444,0.13215022701357304,0.2226457234495704,False,CD_OUT_OF_SPEC
WIDTH_0001,width,0.17,0.2,0.88,0.40217846669459567,0.13655456708827474,0.19673784065720748,False,CD_OUT_OF_SPEC
WIDTH_0001,width,0.17,0.2,0.9,0.39324116743471577,0.14076315871523204,0.17198141932216454,False,CD_OUT_OF_SPEC
WIDTH_0001,width,0.17,0.2,0.92,0.3846924464035263,0.14478876809752053,0.14830136413223222,False,CD_OUT_OF_SPEC
WIDTH_0001,width,0.17,0.2,0.94,0.3765075007353662,0.14864307495290313,0.12562897086527575,False,CD_OUT_OF_SPEC
WIDTH_0001,width,0.17,0.2,0.96,0.3686635944700461,0.15227397534921192,0.10427073323992997,False,CD_OUT_OF_SPEC
WIDTH_0001,width,0.17,0.2,0.98,0.36113984764412677,0.15572179464791167,0.08398944324757851,True,PASS
WIDTH_0001,width,0.17,0.2,1.0,0.35391705069124424,0.1590317011746668,0.06451940485490121,True,PASS
WIDTH_0001,width,0.17,0.2,1.02,0.3469775006776904,0.162211807445461,0.045812897379641324,True,PASS
WIDTH_0001,width,0.17,0.2,1.04,0.3403048564338887,0.16526960193661638,0.027825870961080166,True,PASS
WIDTH_0001,width,0.17,0.2,1.06,0.33388401008607943,0.16821200795640678,0.010517600256430755,True,PASS
WIDTH_0001,width,0.17,0.2,1.08,0.32770097286226313,0.17105084537201753,0.006181443364808956,True,PASS
WIDTH_0001,width,0.17,0.2,1.1,0.3217427733556765,0.1737954366883906,0.02232609816700341,True,PASS
WIDTH_0001,width,0.17,0.2,1.12,0.3159973666886109,0.1764420068863247,0.03789415815485106,True,PASS
WIDTH_0001,width,0.17,0.2,1.14,0.31045355323793355,0.17899571497205324,0.05291597042384254,True,PASS
WIDTH_0001,width,0.17,0.2,1.16,0.305100905768314,0.1814613641582754,0.06741978916632585,True,PASS
WIDTH_0001,width,0.17,0.2,1.18,0.2999297039756307,0.1838434320161491,0.08143195303617116,True,PASS
WIDTH_0001,width,0.17,0.2,1.2,0.29493087557603687,0.18614609761209122,0.09497704477700711,True,PASS
WIDTH_0001,width,0.17,0.25,0.8,0.4423963133640552,0.10235772772169813,0.3978957192841287,False,CD_OUT_OF_SPEC
WIDTH_0001,width,0.17,0.25,0.82,0.43160615937956615,0.1090499074606722,0.358529956113693,False,CD_OUT_OF_SPEC
WIDTH_0001,width,0.17,0.25,0.84,0.42132982225148125,0.1148784880476468,0.32424418795501886,False,CD_OUT_OF_SPEC
WIDTH_0001,width,0.17,0.25,0.86,0.41153145429214444,0.12034494083927384,0.2920885832983892,False,CD_OUT_OF_SPEC
WIDTH_0001,width,0.17,0.25,0.88,0.40217846669459567,0.12556291850400686,0.2613945970352538,False,CD_OUT_OF_SPEC
WIDTH_0001,width,0.17,0.25,0.9,0.39324116743471577,0.13051573805778705,0.23226036436595862,False,CD_OUT_OF_SPEC
WIDTH_0001,width,0.17,0.25,0.92,0.3846924464035263,0.1349958133262812,0.2059069804336401,False,CD_OUT_OF_SPEC
WIDTH_0001,width,0.17,0.25,0.94,0.3765075007353662,0.13928524709396153,0.18067501709434397,False,CD_OUT_OF_SPEC
WIDTH_0001,width,0.17,0.25,0.96,0.3686635944700461,0.14339595445467693,0.156494385560724,False,CD_OUT_OF_SPEC
WIDTH_0001,width,0.17,0.25,0.98,0.36113984764412677,0.14733887784146288,0.1333007185796302,False,CD_OUT_OF_SPEC
WIDTH_0001,width,0.17,0.25,1.0,0.35391705069124424,0.15109525339833535,0.11120439177449801,False,CD_OUT_OF_SPEC
WIDTH_0001,width,0.17,0.25,1.02,0.3469775006776904,0.15463846480900467,0.0903619717117373,True,PASS
WIDTH_0001,width,0.17,0.25,1.04,0.3403048564338887,0.1580453988577452,0.07032118318973411,True,PASS
WIDTH_0001,width,0.17,0.25,1.06,0.33388401008607943,0.16132376935745743,0.05103665083848577,True,PASS
WIDTH_0001,width,0.17,0.25,1.08,0.32770097286226313,0.16448071872754738,0.03246636042619194,True,PASS
WIDTH_0001,width,0.17,0.25,1.1,0.3217427733556765,0.16752286993873333,0.014571353301568706,True,PASS
WIDTH_0001,width,0.17,0.25,1.12,0.3159973666886109,0.1704594702803073,0.0027027663547487925,True,PASS
WIDTH_0001,width,0.17,0.25,1.14,0.31045355323793355,0.1733083557782567,0.019460916342686433,True,PASS
WIDTH_0001,width,0.17,0.25,1.16,0.305100905768314,0.17605900384524065,0.03564119908965079,True,PASS
WIDTH_0001,width,0.17,0.25,1.18,0.2999297039756307,0.17871640960485494,0.0512729976756172,True,PASS
WIDTH_0001,width,0.17,0.25,1.2,0.29493087557603687,0.18128523517249812,0.06638373630881236,True,PASS
WIDTH_0001,width,0.17,0.3,0.8,0.4423963133640552,0.07876321711511652,0.5366869581463735,False,CD_OUT_OF_SPEC
WIDTH_0001,width,0.17,0.3,0.82,0.43160615937956615,0.08774026334778326,0.4838808038365691,False,CD_OUT_OF_SPEC
WIDTH_0001,width,0.17,0.3,0.84,0.42132982225148125,0.09535819068983956,0.4390694665303556,False,CD_OUT_OF_SPEC
WIDTH_0001,width,0.17,0.3,0.86,0.41153145429214444,0.10230255770407892,0.39822024879953577,False,CD_OUT_OF_SPEC
WIDTH_0001,width,0.17,0.3,0.88,0.40217846669459567,0.10893127167222064,0.3592278136928198,False,CD_OUT_OF_SPEC
WIDTH_0001,width,0.17,0.3,0.9,0.39324116743471577,0.11474217676050921,0.3250460190558282,False,CD_OUT_OF_SPEC
WIDTH_0001,width,0.17,0.3,0.92,0.3846924464035263,0.12019870757165932,0.29294877899023936,False,CD_OUT_OF_SPEC
WIDTH_0001,width,0.17,0.3,0.94,0.3765075007353662,0.12542304558233028,0.262217378927469,False,CD_OUT_OF_SPEC
WIDTH_0001,width,0.17,0.3,0.96,0.3686635944700461,0.13040440897572747,0.23291524131925023,False,CD_OUT_OF_SPEC
WIDTH_0001,width,0.17,0.3,0.98,0.36113984764412677,0.1349218776951641,0.20634189591079954,False,CD_OUT_OF_SPEC
WIDTH_0001,width,0.17,0.3,1.0,0.35391705069124424,0.13925864766582446,0.18083148431867968,False,CD_OUT_OF_SPEC
WIDTH_0001,width,0.17,0.3,1.02,0.3469775006776904,0.14342534822586855,0.15632148102430268,False,CD_OUT_OF_SPEC
WIDTH_0001,width,0.17,0.3,1.04,0.3403048564338887,0.1474317910720706,0.1327541701642906,False,CD_OUT_OF_SPEC
WIDTH_0001,width,0.17,0.3,1.06,0.33388401008607943,0.15125621632709663,0.11025755101707874,False,CD_OUT_OF_SPEC
WIDTH_0001,width,0.17,0.3,1.08,0.32770097286226313,0.15487896242090757,0.08894727987701437,True,PASS
WIDTH_0001,width,0.17,0.3,1.1,0.3217427733556765,0.15836997229313632,0.06841192768743348,True,PASS
WIDTH_0001,width,0.17,0.3,1.12,0.3159973666886109,0.16173630324134308,0.04860998093327606,True,PASS
WIDTH_0001,width,0.17,0.3,1.14,0.31045355323793355,0.16498451731417263,0.029502839328396365,True,PASS
WIDTH_0001,width,0.17,0.3,1.16,0.305100905768314,0.1681207240051959,0.011054564675318316,True,PASS
WIDTH_0001,width,0.17,0.3,1.18,0.2999297039756307,0.17116046937380575,0.006826290434151374,True,PASS
WIDTH_0001,width,0.17,0.3,1.2,0.29493087557603687,0.17411347116359607,0.024196889197623885,True,PASS
WIDTH_0001,width,0.17,0.35,0.8,0.4423963133640552,0.02281243332071102,0.8658092157605235,False,CD_OUT_OF_SPEC
WIDTH_0001,width,0.17,0.35,0.82,0.43160615937956615,0.04577419023986766,0.7307400574125432,False,CD_OUT_OF_SPEC
WIDTH_0001,width,0.17,0.35,0.84,0.42132982225148125,0.05986862790905437,0.6478316005349744,False,CD_OUT_OF_SPEC
WIDTH_0001,width,0.17,0.35,0.86,0.41153145429214444,0.07162403225471178,0.5786821632075778,False,CD_OUT_OF_SPEC
WIDTH_0001,width,0.17,0.35,0.88,0.40217846669459567,0.08079585551153995,0.5247302616968239,False,CD_OUT_OF_SPEC
WIDTH_0001,width,0.17,0.35,0.9,0.39324116743471577,0.0895420937005783,0.47328180176130413,False,CD_OUT_OF_SPEC
WIDTH_0001,width,0.17,0.35,0.92,0.3846924464035263,0.09677555492473805,0.4307320298544821,False,CD_OUT_OF_SPEC
WIDTH_0001,width,0.17,0.35,0.94,0.3765075007353662,0.10362231713142334,0.390456958050451,False,CD_OUT_OF_SPEC
WIDTH_0001,width,0.17,0.35,0.96,0.3686635944700461,0.11013753612167615,0.3521321404607286,False,CD_OUT_OF_SPEC
WIDTH_0001,width,0.17,0.35,0.98,0.36113984764412677,0.11584341866552753,0.31856812549689695,False,CD_OUT_OF_SPEC
WIDTH_0001,width,0.17,0.35,1.0,0.35391705069124424,0.1212938924658288,0.28650651490688944,False,CD_OUT_OF_SPEC
WIDTH_0001,width,0.17,0.35,1.02,0.3469775006776904,0.12653062219553438,0.2557022223792096,False,CD_OUT_OF_SPEC
WIDTH_0001,width,0.17,0.35,1.04,0.3403048564338887,0.13147618320611926,0.22661068702282797,False,CD_OUT_OF_SPEC
WIDTH_0001,width,0.17,0.35,1.06,0.33388401008607943,0.13604301158387622,0.19974699068308113,False,CD_OUT_OF_SPEC
WIDTH_0001,width,0.17,0.35,1.08,0.32770097286226313,0.14044069816986082,0.17387824605964228,False,CD_OUT_OF_SPEC
WIDTH_0001,width,0.17,0.35,1.1,0.3217427733556765,0.14467846887999558,0.14895018305884958,False,CD_OUT_OF_SPEC
WIDTH_0001,width,0.17,0.35,1.12,0.3159973666886109,0.14876489063618997,0.12491240802241199,False,CD_OUT_OF_SPEC
WIDTH_0001,width,0.17,0.35,1.14,0.31045355323793355,0.1526487973629396,0.10206589786506125,False,CD_OUT_OF_SPEC
WIDTH_0001,width,0.17,0.35,1.16,0.305100905768314,0.15637209634361748,0.08016413915519134,True,PASS
WIDTH_0001,width,0.17,0.35,1.18,0.2999297039756307,0.15996918179952369,0.05900481294397839,True,PASS
WIDTH_0001,width,0.17,0.35,1.2,0.29493087557603687,0.16344636440689692,0.0385507976064888,True,PASS
WIDTH_0001,width,0.17,0.4,0.8,0.4423963133640552,nan,,False,MISSING_FEATURE
WIDTH_0001,width,0.17,0.4,0.82,0.43160615937956615,nan,,False,MISSING_FEATURE
WIDTH_0001,width,0.17,0.4,0.84,0.42132982225148125,nan,,False,MISSING_FEATURE
WIDTH_0001,width,0.17,0.4,0.86,0.41153145429214444,nan,,False,MISSING_FEATURE
WIDTH_0001,width,0.17,0.4,0.88,0.40217846669459567,nan,,False,MISSING_FEATURE
WIDTH_0001,width,0.17,0.4,0.9,0.39324116743471577,0.032316471261224125,0.8099031102280934,False,CD_OUT_OF_SPEC
WIDTH_0001,width,0.17,0.4,0.92,0.3846924464035263,0.05074246126800401,0.7015149337176235,False,CD_OUT_OF_SPEC
WIDTH_0001,width,0.17,0.4,0.94,0.3765075007353662,0.06323110220016112,0.6280523399990523,False,CD_OUT_OF_SPEC
WIDTH_0001,width,0.17,0.4,0.96,0.3686635944700461,0.0740719789074119,0.5642824770152242,False,CD_OUT_OF_SPEC
WIDTH_0001,width,0.17,0.4,0.98,0.36113984764412677,0.0831046428480776,0.5111491597171907,False,CD_OUT_OF_SPEC
WIDTH_0001,width,0.17,0.4,1.0,0.35391705069124424,0.0915160803500909,0.4616701155877006,False,CD_OUT_OF_SPEC
WIDTH_0001,width,0.17,0.4,1.02,0.3469775006776904,0.09863636210678943,0.41978610525417986,False,CD_OUT_OF_SPEC
WIDTH_0001,width,0.17,0.4,1.04,0.3403048564338887,0.10548278687283895,0.37951301839506507,False,CD_OUT_OF_SPEC
WIDTH_0001,width,0.17,0.4,1.06,0.33388401008607943,0.11187169493430865,0.34193120626877266,False,CD_OUT_OF_SPEC
WIDTH_0001,width,0.17,0.4,1.08,0.32770097286226313,0.11760812587400593,0.3081874948587887,False,CD_OUT_OF_SPEC
WIDTH_0001,width,0.17,0.4,1.1,0.3217427733556765,0.12313595932499366,0.27567082750003735,False,CD_OUT_OF_SPEC
WIDTH_0001,width,0.17,0.4,1.12,0.3159973666886109,0.12846381846188282,0.24433047963598348,False,CD_OUT_OF_SPEC
WIDTH_0001,width,0.17,0.4,1.14,0.31045355323793355,0.13341156118957587,0.21522611064955377,False,CD_OUT_OF_SPEC
WIDTH_0001,width,0.17,0.4,1.16,0.305100905768314,0.13810509803714976,0.18761707036970732,False,CD_OUT_OF_SPEC
WIDTH_0001,width,0.17,0.4,1.18,0.2999297039756307,0.14263953194074921,0.1609439297602988,False,CD_OUT_OF_SPEC
WIDTH_0001,width,0.17,0.4,1.2,0.29493087557603687,0.14702281804754652,0.1351598938379617,False,CD_OUT_OF_SPEC
SPACE_0001,space,0.17,-0.4,0.8,0.4423963133640552,0.1807199948614418,0.06305879330259875,True,PASS
SPACE_0001,space,0.17,-0.4,0.82,0.43160615937956615,0.17067144046068125,0.003949649768713167,True,PASS
SPACE_0001,space,0.17,-0.4,0.84,0.42132982225148125,0.16099672829673678,0.05296042178390136,True,PASS
SPACE_0001,space,0.17,-0.4,0.86,0.41153145429214444,0.15027950448884128,0.11600291477152194,False,CD_OUT_OF_SPEC
SPACE_0001,space,0.17,-0.4,0.88,0.40217846669459567,0.1398500666152646,0.17735254932197292,False,CD_OUT_OF_SPEC
SPACE_0001,space,0.17,-0.4,0.9,0.39324116743471577,0.1277953887113472,0.24826241934501644,False,CD_OUT_OF_SPEC
SPACE_0001,space,0.17,-0.4,0.92,0.3846924464035263,0.11533638606658544,0.32155067019655625,False,CD_OUT_OF_SPEC
SPACE_0001,space,0.17,-0.4,0.94,0.3765075007353662,0.10155305790107991,0.40262907117011826,False,CD_OUT_OF_SPEC
SPACE_0001,space,0.17,-0.4,0.96,0.3686635944700461,0.08493068516193863,0.5004077343415375,False,CD_OUT_OF_SPEC
SPACE_0001,space,0.17,-0.4,0.98,0.36113984764412677,0.06447621931882222,0.6207281216539869,False,CD_OUT_OF_SPEC
SPACE_0001,space,0.17,-0.4,1.0,0.35391705069124424,0.031971909038687046,0.8119299468312526,False,CD_OUT_OF_SPEC
SPACE_0001,space,0.17,-0.4,1.02,0.3469775006776904,nan,,False,BRIDGED
SPACE_0001,space,0.17,-0.4,1.04,0.3403048564338887,nan,,False,BRIDGED
SPACE_0001,space,0.17,-0.4,1.06,0.33388401008607943,nan,,False,BRIDGED
SPACE_0001,space,0.17,-0.4,1.08,0.32770097286226313,nan,,False,BRIDGED
SPACE_0001,space,0.17,-0.4,1.1,0.3217427733556765,nan,,False,BRIDGED
SPACE_0001,space,0.17,-0.4,1.12,0.3159973666886109,nan,,False,BRIDGED
SPACE_0001,space,0.17,-0.4,1.14,0.31045355323793355,nan,,False,BRIDGED
SPACE_0001,space,0.17,-0.4,1.16,0.305100905768314,nan,,False,BRIDGED
SPACE_0001,space,0.17,-0.4,1.18,0.2999297039756307,nan,,False,BRIDGED
SPACE_0001,space,0.17,-0.4,1.2,0.29493087557603687,nan,,False,BRIDGED
SPACE_0001,space,0.17,-0.35,0.8,0.4423963133640552,0.19675554041189147,0.15738553183465565,False,CD_OUT_OF_SPEC
SPACE_0001,space,0.17,-0.35,0.82,0.43160615937956615,0.1896753936030353,0.11573760942961941,False,CD_OUT_OF_SPEC
SPACE_0001,space,0.17,-0.35,0.84,0.42132982225148125,0.18269176812886256,0.07465745958154442,True,PASS
SPACE_0001,space,0.17,-0.35,0.86,0.41153145429214444,0.17575059998609044,0.03382705874170839,True,PASS
SPACE_0001,space,0.17,-0.35,0.88,0.40217846669459567,0.16871022179866307,0.007586930596099638,True,PASS
SPACE_0001,space,0.17,-0.35,0.9,0.39324116743471577,0.16169829017542164,0.04883358720340216,True,PASS
SPACE_0001,space,0.17,-0.35,0.92,0.3846924464035263,0.1547029528392429,0.08998263035739476,True,PASS
SPACE_0001,space,0.17,-0.35,0.94,0.3765075007353662,0.1474450012552997,0.13267646320411952,False,CD_OUT_OF_SPEC
SPACE_0001,space,0.17,-0.35,0.96,0.3686635944700461,0.1401180182414234,0.1757763632857448,False,CD_OUT_OF_SPEC
SPACE_0001,space,0.17,-0.35,0.98,0.36113984764412677,0.13264833400625828,0.21971568231612784,False,CD_OUT_OF_SPEC
SPACE_0001,space,0.17,-0.35,1.0,0.35391705069124424,0.12498885251676928,0.2647714557837102,False,CD_OUT_OF_SPEC
SPACE_0001,space,0.17,-0.35,1.02,0.3469775006776904,0.11691485920929925,0.3122655340629456,False,CD_OUT_OF_SPEC
SPACE_0001,space,0.17,-0.35,1.04,0.3403048564338887,0.1084142711792446,0.3622689930632671,False,CD_OUT_OF_SPEC
SPACE_0001,space,0.17,-0.35,1.06,0.33388401008607943,0.09951921092895338,0.41459287688850954,False,CD_OUT_OF_SPEC
SPACE_0001,space,0.17,-0.35,1.08,0.32770097286226313,0.08980371505635895,0.47174285260965326,False,CD_OUT_OF_SPEC
SPACE_0001,space,0.17,-0.35,1.1,0.3217427733556765,0.07929057962455002,0.5335848257379411,False,CD_OUT_OF_SPEC
SPACE_0001,space,0.17,-0.35,1.12,0.3159973666886109,0.0671291899698203,0.6051224119422336,False,CD_OUT_OF_SPEC
SPACE_0001,space,0.17,-0.35,1.14,0.31045355323793355,0.05252931258051092,0.6910040436440534,False,CD_OUT_OF_SPEC
SPACE_0001,space,0.17,-0.35,1.16,0.305100905768314,0.03203841190058422,0.8115387535259752,False,CD_OUT_OF_SPEC
SPACE_0001,space,0.17,-0.35,1.18,0.2999297039756307,nan,,False,BRIDGED
SPACE_0001,space,0.17,-0.35,1.2,0.29493087557603687,nan,,False,BRIDGED
SPACE_0001,space,0.17,-0.3,0.8,0.4423963133640552,0.20684329390565123,0.21672525826853656,False,CD_OUT_OF_SPEC
SPACE_0001,space,0.17,-0.3,0.82,0.43160615937956615,0.20107950977915715,0.18282064575974782,False,CD_OUT_OF_SPEC
SPACE_0001,space,0.17,-0.3,0.84,0.42132982225148125,0.19559019156344729,0.15053053860851337,False,CD_OUT_OF_SPEC
SPACE_0001,space,0.17,-0.3,0.86,0.41153145429214444,0.19028002720613274,0.11929427768313369,False,CD_OUT_OF_SPEC
SPACE_0001,space,0.17,-0.3,0.88,0.40217846669459567,0.18481144599592877,0.08712615291722801,True,PASS
SPACE_0001,space,0.17,-0.3,0.9,0.39324116743471577,0.17947373586775467,0.05572785804561563,True,PASS
SPACE_0001,space,0.17,-0.3,0.92,0.3846924464035263,0.17436810009297832,0.025694706429284148,True,PASS
SPACE_0001,space,0.17,-0.3,0.94,0.3765075007353662,0.16931555070724166,0.004026172310343229,True,PASS
SPACE_0001,space,0.17,-0.3,0.96,0.3686635944700461,0.16405395807524897,0.034976717204417876,True,PASS
SPACE_0001,space,0.17,-0.3,0.98,0.36113984764412677,0.158918557515292,0.06518495579240012,True,PASS
SPACE_0001,space,0.17,-0.3,1.0,0.35391705069124424,0.1539885729777341,0.09418486483685827,True,PASS
SPACE_0001,space,0.17,-0.3,1.02,0.3469775006776904,0.1490234296756613,0.12339159014316894,False,CD_OUT_OF_SPEC
SPACE_0001,space,0.17,-0.3,1.04,0.3403048564338887,0.14380418471286535,0.15409303110079212,False,CD_OUT_OF_SPEC
SPACE_0001,space,0.17,-0.3,1.06,0.33388401008607943,0.1386775075744001,0.18424995544470543,False,CD_OUT_OF_SPEC
SPACE_0001,space,0.17,-0.3,1.08,0.32770097286226313,0.13374070736698337,0.21328995666480374,False,CD_OUT_OF_SPEC
SPACE_0001,space,0.17,-0.3,1.1,0.3217427733556765,0.1286688371374947,0.24312448742650186,False,CD_OUT_OF_SPEC
SPACE_0001,space,0.17,-0.3,1.12,0.3159973666886109,0.12328593461996541,0.27478861988255643,False,CD_OUT_OF_SPEC
SPACE_0001,space,0.17,-0.3,1.14,0.31045355323793355,0.11797194306080017,0.30604739375999906,False,CD_OUT_OF_SPEC
SPACE_0001,space,0.17,-0.3,1.16,0.305100905768314,0.11284119258987993,0.3362282788830593,False,CD_OUT_OF_SPEC
SPACE_0001,space,0.17,-0.3,1.18,0.2999297039756307,0.10736466159510728,0.3684431670876043,False,CD_OUT_OF_SPEC
SPACE_0001,space,0.17,-0.3,1.2,0.29493087557603687,0.10147007996874294,0.40311717665445335,False,CD_OUT_OF_SPEC
SPACE_0001,space,0.17,-0.25,0.8,0.4423963133640552,0.21350950335017804,0.2559382550010472,False,CD_OUT_OF_SPEC
SPACE_0001,space,0.17,-0.25,0.82,0.43160615937956615,0.20876442198443496,0.2280260116731467,False,CD_OUT_OF_SPEC
SPACE_0001,space,0.17,-0.25,0.84,0.42132982225148125,0.20394862281837495,0.19969778128455842,False,CD_OUT_OF_SPEC
SPACE_0001,space,0.17,-0.25,0.86,0.41153145429214444,0.19935681431120283,0.1726871430070754,False,CD_OUT_OF_SPEC
SPACE_0001,space,0.17,-0.25,0.88,0.40217846669459567,0.19497372437253996,0.14690426101494086,False,CD_OUT_OF_SPEC
SPACE_0001,space,0.17,-0.25,0.9,0.39324116743471577,0.19078543843114942,0.12226728488911418,False,CD_OUT_OF_SPEC
SPACE_0001,space,0.17,-0.25,0.92,0.3846924464035263,0.18642091078856765,0.09659359287392728,True,PASS
SPACE_0001,space,0.17,-0.25,0.94,0.3765075007353662,0.18215839938881867,0.07151999640481563,True,PASS
SPACE_0001,space,0.17,-0.25,0.96,0.3686635944700461,0.1780734926307279,0.047491133121928666,True,PASS
SPACE_0001,space,0.17,-0.25,0.98,0.36113984764412677,0.17415531676071866,0.024443039768933215,True,PASS
SPACE_0001,space,0.17,-0.25,1.0,0.35391705069124424,0.17039386792551378,0.0023168701500809936,True,PASS
SPACE_0001,space,0.17,-0.25,1.02,0.3469775006776904,0.1663442106757456,0.021504643083849535,True,PASS
SPACE_0001,space,0.17,-0.25,1.04,0.3403048564338887,0.16239903031838965,0.0447115863624139,True,PASS
SPACE_0001,space,0.17,-0.25,1.06,0.33388401008607943,0.15860272469150022,0.06704279593235173,True,PASS
SPACE_0001,space,0.17,-0.25,1.08,0.32770097286226313,0.15494702297672,0.088546923666353,True,PASS
SPACE_0001,space,0.17,-0.25,1.1,0.3217427733556765,0.15142425586975183,0.10926908311910692,False,CD_OUT_OF_SPEC
SPACE_0001,space,0.17,-0.25,1.12,0.3159973666886109,0.1477099517013329,0.13111793116863013,False,CD_OUT_OF_SPEC
SPACE_0001,space,0.17,-0.25,1.14,0.31045355323793355,0.14390262263197923,0.15351398451776932,False,CD_OUT_OF_SPEC
SPACE_0001,space,0.17,-0.25,1.16,0.305100905768314,0.14022658077191674,0.1751377601651957,False,CD_OUT_OF_SPEC
SPACE_0001,space,0.17,-0.25,1.18,0.2999297039756307,0.13667515050032628,0.19602852646866903,False,CD_OUT_OF_SPEC
SPACE_0001,space,0.17,-0.25,1.2,0.29493087557603687,0.13324210123779323,0.21622293389533398,False,CD_OUT_OF_SPEC
SPACE_0001,space,0.17,-0.2,0.8,0.4423963133640552,0.21799274434649069,0.28231026086170985,False,CD_OUT_OF_SPEC
SPACE_0001,space,0.17,-0.2,0.82,0.43160615937956615,0.21378536316324237,0.2575609597837786,False,CD_OUT_OF_SPEC
SPACE_0001,space,0.17,-0.2,0.84,0.42132982225148125,0.2096807480205749,0.2334161648269111,False,CD_OUT_OF_SPEC
SPACE_0001,space,0.17,-0.2,0.86,0.41153145429214444,0.20562090905767116,0.20953475916277148,False,CD_OUT_OF_SPEC
SPACE_0001,space,0.17,-0.2,0.88,0.40217846669459567,0.2016679140540028,0.186281847376487,False,CD_OUT_OF_SPEC
SPACE_0001,space,0.17,-0.2,0.9,0.39324116743471577,0.19789060771716505,0.1640623983362649,False,CD_OUT_OF_SPEC
SPACE_0001,space,0.17,-0.2,0.92,0.3846924464035263,0.1942775320906241,0.1428090122977887,False,CD_OUT_OF_SPEC
SPACE_0001,space,0.17,-0.2,0.94,0.3765075007353662,0.19077356474529117,0.12219743967818326,False,CD_OUT_OF_SPEC
SPACE_0001,space,0.17,-0.2,0.96,0.3686635944700461,0.18723676213588952,0.10139271844640887,False,CD_OUT_OF_SPEC
SPACE_0001,space,0.17,-0.2,0.98,0.36113984764412677,0.18371895687912154,0.0806997463477737,True,PASS
SPACE_0001,space,0.17,-0.2,1.0,0.35391705069124424,0.18034186383262418,0.06083449313308335,True,PASS
SPACE_0001,space,0.17,-0.2,1.02,0.3469775006776904,0.1770972058075609,0.04174826945624044,True,PASS
SPACE_0001,space,0.17,-0.2,1.04,0.3403048564338887,0.17397734232192227,0.023396131305425064,True,PASS
SPACE_0001,space,0.17,-0.2,1.06,0.33388401008607943,0.1709641549079421,0.005671499458482808,True,PASS
SPACE_0001,space,0.17,-0.2,1.08,0.32770097286226313,0.16783299530472745,0.012747086442779774,True,PASS
SPACE_0001,space,0.17,-0.2,1.1,0.3217427733556765,0.16468542402676012,0.03126221160729349,True,PASS
SPACE_0001,space,0.17,-0.2,1.12,0.3159973666886109,0.1616502660087203,0.04911608230164543,True,PASS
SPACE_0001,space,0.17,-0.2,1.14,0.31045355323793355,0.15872160476324357,0.06634350139268497,True,PASS
SPACE_0001,space,0.17,-0.2,1.16,0.305100905768314,0.1558939318365764,0.08297687154955062,True,PASS
SPACE_0001,space,0.17,-0.2,1.18,0.2999297039756307,0.1531621122294577,0.09904639865024893,True,PASS
SPACE_0001,space,0.17,-0.2,1.2,0.29493087557603687,0.15051340834557386,0.11462700973191851,False,CD_OUT_OF_SPEC
SPACE_0001,space,0.17,-0.15,0.8,0.4423963133640552,0.22108110087647787,0.3004770639792815,False,CD_OUT_OF_SPEC
SPACE_0001,space,0.17,-0.15,0.82,0.43160615937956615,0.21717839389506266,0.2775199640886038,False,CD_OUT_OF_SPEC
SPACE_0001,space,0.17,-0.15,0.84,0.42132982225148125,0.21346153010324054,0.2556560594308266,False,CD_OUT_OF_SPEC
SPACE_0001,space,0.17,-0.15,0.86,0.41153145429214444,0.20978922963708874,0.23405429198287483,False,CD_OUT_OF_SPEC
SPACE_0001,space,0.17,-0.15,0.88,0.40217846669459567,0.20625672019911626,0.21327482470068376,False,CD_OUT_OF_SPEC
SPACE_0001,space,0.17,-0.15,0.9,0.39324116743471577,0.20276353814894332,0.19272669499378417,False,CD_OUT_OF_SPEC
SPACE_0001,space,0.17,-0.15,0.92,0.3846924464035263,0.199422233579217,0.17307196223068821,False,CD_OUT_OF_SPEC
SPACE_0001,space,0.17,-0.15,0.94,0.3765075007353662,0.19622311218266966,0.15425360107452735,False,CD_OUT_OF_SPEC
SPACE_0001,space,0.17,-0.15,0.96,0.3686635944700461,0.1931572875109771,0.13621933829986524,False,CD_OUT_OF_SPEC
SPACE_0001,space,0.17,-0.15,0.98,0.36113984764412677,0.19009957254637633,0.11823277968456655,False,CD_OUT_OF_SPEC
SPACE_0001,space,0.17,-0.15,1.0,0.35391705069124424,0.18712297674793107,0.1007233926348886,False,CD_OUT_OF_SPEC
SPACE_0001,space,0.17,-0.15,1.02,0.3469775006776904,0.18413213691601837,0.08313021715304918,True,PASS
SPACE_0001,space,0.17,-0.15,1.04,0.3403048564338887,0.18125632938533343,0.06621370226666713,True,PASS
SPACE_0001,space,0.17,-0.15,1.06,0.33388401008607943,0.17848904289354464,0.04993554643261546,True,PASS
SPACE_0001,space,0.17,-0.15,1.08,0.32770097286226313,0.1758242484940439,0.03426028525908172,True,PASS
SPACE_0001,space,0.17,-0.15,1.1,0.3217427733556765,0.1732563557090678,0.019155033582751724,True,PASS
SPACE_0001,space,0.17,-0.15,1.12,0.3159973666886109,0.17071108568111898,0.004182856947758629,True,PASS
SPACE_0001,space,0.17,-0.15,1.14,0.31045355323793355,0.1681745762248176,0.01073778691283771,True,PASS
SPACE_0001,space,0.17,-0.15,1.16,0.305100905768314,0.16558542546563076,0.025968085496289692,True,PASS
SPACE_0001,space,0.17,-0.15,1.18,0.2999297039756307,0.16307599450552132,0.04072944408516877,True,PASS
SPACE_0001,space,0.17,-0.15,1.2,0.29493087557603687,0.16065021124408485,0.05499875738773624,True,PASS
SPACE_0001,space,0.17,-0.1,0.8,0.4423963133640552,0.22309652768901256,0.3123325158177208,False,CD_OUT_OF_SPEC
SPACE_0001,space,0.17,-0.1,0.82,0.43160615937956615,0.2193942912246046,0.2905546542623799,False,CD_OUT_OF_SPEC
SPACE_0001,space,0.17,-0.1,0.84,0.42132982225148125,0.21586835173469537,0.2698138337335021,False,CD_OUT_OF_SPEC
SPACE_0001,space,0.17,-0.1,0.86,0.41153145429214444,0.21245271264548707,0.24972183909110032,False,CD_OUT_OF_SPEC
SPACE_0001,space,0.17,-0.1,0.88,0.40217846669459567,0.20912440845715977,0.23014357915976325,False,CD_OUT_OF_SPEC
SPACE_0001,space,0.17,-0.1,0.9,0.39324116743471577,0.20593513852432527,0.21138316779014854,False,CD_OUT_OF_SPEC
SPACE_0001,space,0.17,-0.1,0.92,0.3846924464035263,0.20277201069452616,0.19277653349721263,False,CD_OUT_OF_SPEC
SPACE_0001,space,0.17,-0.1,0.94,0.3765075007353662,0.19974348404897244,0.17496167087630837,False,CD_OUT_OF_SPEC
SPACE_0001,space,0.17,-0.1,0.96,0.3686635944700461,0.1968411460136504,0.1578890941979435,False,CD_OUT_OF_SPEC
SPACE_0001,space,0.17,-0.1,0.98,0.36113984764412677,0.19405727075528073,0.14151335738400422,False,CD_OUT_OF_SPEC
SPACE_0001,space,0.17,-0.1,1.0,0.35391705069124424,0.19129987840902585,0.12529340240603432,False,CD_OUT_OF_SPEC
SPACE_0001,space,0.17,-0.1,1.02,0.3469775006776904,0.18860809625646036,0.10945938974388436,False,CD_OUT_OF_SPEC
SPACE_0001,space,0.17,-0.1,1.04,0.3403048564338887,0.18597689393255537,0.09398172901503152,True,PASS
SPACE_0001,space,0.17,-0.1,1.06,0.33388401008607943,0.18336295690853763,0.07860562887375068,True,PASS
SPACE_0001,space,0.17,-0.1,1.08,0.32770097286226313,0.18084583236689483,0.0637990139229107,True,PASS
SPACE_0001,space,0.17,-0.1,1.1,0.3217427733556765,0.178420239626764,0.049530821333905864,True,PASS
SPACE_0001,space,0.17,-0.1,1.12,0.3159973666886109,0.17608127519878136,0.03577220705165499,True,PASS
SPACE_0001,space,0.17,-0.1,1.14,0.31045355323793355,0.1738243796980945,0.02249635116526169,True,PASS
SPACE_0001,space,0.17,-0.1,1.16,0.305100905768314,0.17160197204856562,0.00942336499156237,True,PASS
SPACE_0001,space,0.17,-0.1,1.18,0.2999297039756307,0.16937000728834437,0.003705839480327335,True,PASS
SPACE_0001,space,0.17,-0.1,1.2,0.29493087557603687,0.16718961626318302,0.016531669040099974,True,PASS
SPACE_0001,space,0.17,-0.05,0.8,0.4423963133640552,0.22423540039289896,0.31903176701705266,False,CD_OUT_OF_SPEC
SPACE_0001,space,0.17,-0.05,0.82,0.43160615937956615,0.22064715883000582,0.2979244637059165,False,CD_OUT_OF_SPEC
SPACE_0001,space,0.17,-0.05,0.84,0.42132982225148125,0.21722978591296366,0.2778222700762567,False,CD_OUT_OF_SPEC
SPACE_0001,space,0.17,-0.05,0.86,0.41153145429214444,0.21395814351125816,0.25857731477210677,False,CD_OUT_OF_SPEC
SPACE_0001,space,0.17,-0.05,0.88,0.40217846669459567,0.21073426076170537,0.2396132985982668,False,CD_OUT_OF_SPEC
SPACE_0001,space,0.17,-0.05,0.9,0.39324116743471577,0.20765366168991187,0.22149212758771678,False,CD_OUT_OF_SPEC
SPACE_0001,space,0.17,-0.05,0.92,0.3846924464035263,0.20466267936417887,0.20389811390693444,False,CD_OUT_OF_SPEC
SPACE_0001,space,0.17,-0.05,0.94,0.3765075007353662,0.20173093690320876,0.18665257001887495,False,CD_OUT_OF_SPEC
SPACE_0001,space,0.17,-0.05,0.96,0.3686635944700461,0.19892135037811165,0.1701255904594802,False,CD_OUT_OF_SPEC
SPACE_0001,space,0.17,-0.05,0.98,0.36113984764412677,0.19622644085403923,0.15427318149434832,False,CD_OUT_OF_SPEC
SPACE_0001,space,0.17,-0.05,1.0,0.35391705069124424,0.19363932771093173,0.13905486888783364,False,CD_OUT_OF_SPEC
SPACE_0001,space,0.17,-0.05,1.02,0.3469775006776904,0.19104421298319502,0.1237894881364412,False,CD_OUT_OF_SPEC
SPACE_0001,space,0.17,-0.05,1.04,0.3403048564338887,0.18854036343631694,0.10906096139009959,False,CD_OUT_OF_SPEC
SPACE_0001,space,0.17,-0.05,1.06,0.33388401008607943,0.1861075818679352,0.09475048157608927,True,PASS
SPACE_0001,space,0.17,-0.05,1.08,0.32770097286226313,0.1836740222095103,0.08043542476182516,True,PASS
SPACE_0001,space,0.17,-0.05,1.1,0.3217427733556765,0.18132895562957474,0.06664091546808662,True,PASS
SPACE_0001,space,0.17,-0.05,1.12,0.3159973666886109,0.1790676414274906,0.05333906722053285,True,PASS
SPACE_0001,space,0.17,-0.05,1.14,0.31045355323793355,0.17688567158337914,0.040503950490465485,True,PASS
SPACE_0001,space,0.17,-0.05,1.16,0.305100905768314,0.17477894207871683,0.028111423992451874,True,PASS
SPACE_0001,space,0.17,-0.05,1.18,0.2999297039756307,0.17274362713353458,0.016138983138438652,True,PASS
SPACE_0001,space,0.17,-0.05,1.2,0.29493087557603687,0.170666824936092,0.003922499624070541,True,PASS
SPACE_0001,space,0.17,0.0,0.8,0.4423963133640552,0.22460383406587248,0.3211990239168968,False,CD_OUT_OF_SPEC
SPACE_0001,space,0.17,0.0,0.82,0.43160615937956615,0.2210525954097682,0.3003093847633423,False,CD_OUT_OF_SPEC
SPACE_0001,space,0.17,0.0,0.84,0.42132982225148125,0.2176704633563352,0.2804144903313834,False,CD_OUT_OF_SPEC
SPACE_0001,space,0.17,0.0,0.86,0.41153145429214444,0.21444526266551178,0.2614427215618339,False,CD_OUT_OF_SPEC
SPACE_0001,space,0.17,0.0,0.88,0.40217846669459567,0.21125524504674903,0.24267791203970007,False,CD_OUT_OF_SPEC
SPACE_0001,space,0.17,0.0,0.9,0.39324116743471577,0.20820700598881942,0.22474709405187882,False,CD_OUT_OF_SPEC
SPACE_0001,space,0.17,0.0,0.92,0.3846924464035263,0.20527402790751761,0.20749428180892707,False,CD_OUT_OF_SPEC
SPACE_0001,space,0.17,0.0,0.94,0.3765075007353662,0.2023736666822512,0.190433333425007,False,CD_OUT_OF_SPEC
SPACE_0001,space,0.17,0.0,0.96,0.3686635944700461,0.19959415384137255,0.1740832578904267,False,CD_OUT_OF_SPEC
SPACE_0001,space,0.17,0.0,0.98,0.36113984764412677,0.19692809050420307,0.15840053237766502,False,CD_OUT_OF_SPEC
SPACE_0001,space,0.17,0.0,1.0,0.35391705069124424,0.19436866970051786,0.14334511588539908,False,CD_OUT_OF_SPEC
SPACE_0001,space,0.17,0.0,1.02,0.3469775006776904,0.19183179297047437,0.12842231159102563,False,CD_OUT_OF_SPEC
SPACE_0001,space,0.17,0.0,1.04,0.3403048564338887,0.18935528230376636,0.11385460178686085,False,CD_OUT_OF_SPEC
SPACE_0001,space,0.17,0.0,1.06,0.33388401008607943,0.186972224869761,0.09983661688094701,True,PASS
SPACE_0001,space,0.17,0.0,1.08,0.32770097286226313,0.18458760188640583,0.08580942286121067,True,PASS
SPACE_0001,space,0.17,0.0,1.1,0.3217427733556765,0.18226861278015993,0.07216831047152894,True,PASS
SPACE_0001,space,0.17,0.0,1.12,0.3159973666886109,0.1800324447134219,0.05901438066718752,True,PASS
SPACE_0001,space,0.17,0.0,1.14,0.31045355323793355,0.17787473868411466,0.046321992259497916,True,PASS
SPACE_0001,space,0.17,0.0,1.16,0.305100905768314,0.17579143631098676,0.0340672724175691,True,PASS
SPACE_0001,space,0.17,0.0,1.18,0.2999297039756307,0.17377875435729193,0.02222796680759949,True,PASS
SPACE_0001,space,0.17,0.0,1.2,0.29493087557603687,0.17178216249811612,0.010483308812447691,True,PASS
SPACE_0001,space,0.17,0.05,0.8,0.4423963133640552,0.2242354003928989,0.3190317670170523,False,CD_OUT_OF_SPEC
SPACE_0001,space,0.17,0.05,0.82,0.43160615937956615,0.2206471588300058,0.29792446370591635,False,CD_OUT_OF_SPEC
SPACE_0001,space,0.17,0.05,0.84,0.42132982225148125,0.21722978591296366,0.2778222700762567,False,CD_OUT_OF_SPEC
SPACE_0001,space,0.17,0.05,0.86,0.41153145429214444,0.21395814351125816,0.25857731477210677,False,CD_OUT_OF_SPEC
SPACE_0001,space,0.17,0.05,0.88,0.40217846669459567,0.21073426076170537,0.2396132985982668,False,CD_OUT_OF_SPEC
SPACE_0001,space,0.17,0.05,0.9,0.39324116743471577,0.20765366168991187,0.22149212758771678,False,CD_OUT_OF_SPEC
SPACE_0001,space,0.17,0.05,0.92,0.3846924464035263,0.20466267936417892,0.20389811390693477,False,CD_OUT_OF_SPEC
SPACE_0001,space,0.17,0.05,0.94,0.3765075007353662,0.20173093690320876,0.18665257001887495,False,CD_OUT_OF_SPEC
SPACE_0001,space,0.17,0.05,0.96,0.3686635944700461,0.19892135037811165,0.1701255904594802,False,CD_OUT_OF_SPEC
SPACE_0001,space,0.17,0.05,0.98,0.36113984764412677,0.19622644085403923,0.15427318149434832,False,CD_OUT_OF_SPEC
SPACE_0001,space,0.17,0.05,1.0,0.35391705069124424,0.19363932771093173,0.13905486888783364,False,CD_OUT_OF_SPEC
SPACE_0001,space,0.17,0.05,1.02,0.3469775006776904,0.19104421298319502,0.1237894881364412,False,CD_OUT_OF_SPEC
SPACE_0001,space,0.17,0.05,1.04,0.3403048564338887,0.18854036343631697,0.10906096139009976,False,CD_OUT_OF_SPEC
SPACE_0001,space,0.17,0.05,1.06,0.33388401008607943,0.1861075818679352,0.09475048157608927,True,PASS
SPACE_0001,space,0.17,0.05,1.08,0.32770097286226313,0.1836740222095103,0.08043542476182516,True,PASS
SPACE_0001,space,0.17,0.05,1.1,0.3217427733556765,0.18132895562957474,0.06664091546808662,True,PASS
SPACE_0001,space,0.17,0.05,1.12,0.3159973666886109,0.1790676414274906,0.05333906722053285,True,PASS
SPACE_0001,space,0.17,0.05,1.14,0.31045355323793355,0.17688567158337914,0.040503950490465485,True,PASS
SPACE_0001,space,0.17,0.05,1.16,0.305100905768314,0.17477894207871686,0.028111423992452037,True,PASS
SPACE_0001,space,0.17,0.05,1.18,0.2999297039756307,0.17274362713353458,0.016138983138438652,True,PASS
SPACE_0001,space,0.17,0.05,1.2,0.29493087557603687,0.170666824936092,0.003922499624070541,True,PASS
SPACE_0001,space,0.17,0.1,0.8,0.4423963133640552,0.22309652768901259,0.312332515817721,False,CD_OUT_OF_SPEC
SPACE_0001,space,0.17,0.1,0.82,0.43160615937956615,0.2193942912246046,0.2905546542623799,False,CD_OUT_OF_SPEC
SPACE_0001,space,0.17,0.1,0.84,0.42132982225148125,0.21586835173469535,0.26981383373350193,False,CD_OUT_OF_SPEC
SPACE_0001,space,0.17,0.1,0.86,0.41153145429214444,0.21245271264548707,0.24972183909110032,False,CD_OUT_OF_SPEC
SPACE_0001,space,0.17,0.1,0.88,0.40217846669459567,0.20912440845715977,0.23014357915976325,False,CD_OUT_OF_SPEC
SPACE_0001,space,0.17,0.1,0.9,0.39324116743471577,0.20593513852432527,0.21138316779014854,False,CD_OUT_OF_SPEC
SPACE_0001,space,0.17,0.1,0.92,0.3846924464035263,0.2027720106945262,0.1927765334972128,False,CD_OUT_OF_SPEC
SPACE_0001,space,0.17,0.1,0.94,0.3765075007353662,0.19974348404897246,0.17496167087630854,False,CD_OUT_OF_SPEC
SPACE_0001,space,0.17,0.1,0.96,0.3686635944700461,0.1968411460136504,0.1578890941979435,False,CD_OUT_OF_SPEC
SPACE_0001,space,0.17,0.1,0.98,0.36113984764412677,0.19405727075528076,0.1415133573840044,False,CD_OUT_OF_SPEC
SPACE_0001,space,0.17,0.1,1.0,0.35391705069124424,0.1912998784090259,0.12529340240603465,False,CD_OUT_OF_SPEC
SPACE_0001,space,0.17,0.1,1.02,0.3469775006776904,0.1886080962564604,0.1094593897438847,False,CD_OUT_OF_SPEC
SPACE_0001,space,0.17,0.1,1.04,0.3403048564338887,0.1859768939325554,0.09398172901503167,True,PASS
SPACE_0001,space,0.17,0.1,1.06,0.33388401008607943,0.18336295690853766,0.07860562887375083,True,PASS
SPACE_0001,space,0.17,0.1,1.08,0.32770097286226313,0.18084583236689483,0.0637990139229107,True,PASS
SPACE_0001,space,0.17,0.1,1.1,0.3217427733556765,0.178420239626764,0.049530821333905864,True,PASS
SPACE_0001,space,0.17,0.1,1.12,0.3159973666886109,0.17608127519878136,0.03577220705165499,True,PASS
SPACE_0001,space,0.17,0.1,1.14,0.31045355323793355,0.17382437969809447,0.022496351165261528,True,PASS
SPACE_0001,space,0.17,0.1,1.16,0.305100905768314,0.1716019720485656,0.009423364991562207,True,PASS
SPACE_0001,space,0.17,0.1,1.18,0.2999297039756307,0.16937000728834437,0.003705839480327335,True,PASS
SPACE_0001,space,0.17,0.1,1.2,0.29493087557603687,0.16718961626318302,0.016531669040099974,True,PASS
SPACE_0001,space,0.17,0.15,0.8,0.4423963133640552,0.22108110087647787,0.3004770639792815,False,CD_OUT_OF_SPEC
SPACE_0001,space,0.17,0.15,0.82,0.43160615937956615,0.21717839389506263,0.27751996408860363,False,CD_OUT_OF_SPEC
SPACE_0001,space,0.17,0.15,0.84,0.42132982225148125,0.21346153010324054,0.2556560594308266,False,CD_OUT_OF_SPEC
SPACE_0001,space,0.17,0.15,0.86,0.41153145429214444,0.20978922963708874,0.23405429198287483,False,CD_OUT_OF_SPEC
SPACE_0001,space,0.17,0.15,0.88,0.40217846669459567,0.20625672019911623,0.2132748247006836,False,CD_OUT_OF_SPEC
SPACE_0001,space,0.17,0.15,0.9,0.39324116743471577,0.2027635381489433,0.192726694993784,False,CD_OUT_OF_SPEC
SPACE_0001,space,0.17,0.15,0.92,0.3846924464035263,0.199422233579217,0.17307196223068821,False,CD_OUT_OF_SPEC
SPACE_0001,space,0.17,0.15,0.94,0.3765075007353662,0.1962231121826697,0.1542536010745275,False,CD_OUT_OF_SPEC
SPACE_0001,space,0.17,0.15,0.96,0.3686635944700461,0.1931572875109771,0.13621933829986524,False,CD_OUT_OF_SPEC
SPACE_0001,space,0.17,0.15,0.98,0.36113984764412677,0.19009957254637633,0.11823277968456655,False,CD_OUT_OF_SPEC
SPACE_0001,space,0.17,0.15,1.0,0.35391705069124424,0.1871229767479311,0.10072339263488876,False,CD_OUT_OF_SPEC
SPACE_0001,space,0.17,0.15,1.02,0.3469775006776904,0.18413213691601837,0.08313021715304918,True,PASS
SPACE_0001,space,0.17,0.15,1.04,0.3403048564338887,0.18125632938533343,0.06621370226666713,True,PASS
SPACE_0001,space,0.17,0.15,1.06,0.33388401008607943,0.1784890428935446,0.0499355464326153,True,PASS
SPACE_0001,space,0.17,0.15,1.08,0.32770097286226313,0.17582424849404388,0.034260285259081556,True,PASS
SPACE_0001,space,0.17,0.15,1.1,0.3217427733556765,0.17325635570906778,0.01915503358275156,True,PASS
SPACE_0001,space,0.17,0.15,1.12,0.3159973666886109,0.17071108568111898,0.004182856947758629,True,PASS
SPACE_0001,space,0.17,0.15,1.14,0.31045355323793355,0.16817457622481757,0.010737786912837874,True,PASS
SPACE_0001,space,0.17,0.15,1.16,0.305100905768314,0.1655854254656307,0.025968085496290018,True,PASS
SPACE_0001,space,0.17,0.15,1.18,0.2999297039756307,0.1630759945055213,0.04072944408516893,True,PASS
SPACE_0001,space,0.17,0.15,1.2,0.29493087557603687,0.16065021124408485,0.05499875738773624,True,PASS
SPACE_0001,space,0.17,0.2,0.8,0.4423963133640552,0.2179927443464907,0.28231026086170996,False,CD_OUT_OF_SPEC
SPACE_0001,space,0.17,0.2,0.82,0.43160615937956615,0.21378536316324237,0.2575609597837786,False,CD_OUT_OF_SPEC
SPACE_0001,space,0.17,0.2,0.84,0.42132982225148125,0.2096807480205749,0.2334161648269111,False,CD_OUT_OF_SPEC
SPACE_0001,space,0.17,0.2,0.86,0.41153145429214444,0.2056209090576712,0.20953475916277162,False,CD_OUT_OF_SPEC
SPACE_0001,space,0.17,0.2,0.88,0.40217846669459567,0.20166791405400283,0.18628184737648718,False,CD_OUT_OF_SPEC
SPACE_0001,space,0.17,0.2,0.9,0.39324116743471577,0.19789060771716505,0.1640623983362649,False,CD_OUT_OF_SPEC
SPACE_0001,space,0.17,0.2,0.92,0.3846924464035263,0.19427753209062407,0.14280901229778856,False,CD_OUT_OF_SPEC
SPACE_0001,space,0.17,0.2,0.94,0.3765075007353662,0.19077356474529117,0.12219743967818326,False,CD_OUT_OF_SPEC
SPACE_0001,space,0.17,0.2,0.96,0.3686635944700461,0.18723676213588952,0.10139271844640887,False,CD_OUT_OF_SPEC
SPACE_0001,space,0.17,0.2,0.98,0.36113984764412677,0.18371895687912151,0.08069974634777353,True,PASS
SPACE_0001,space,0.17,0.2,1.0,0.35391705069124424,0.18034186383262418,0.06083449313308335,True,PASS
SPACE_0001,space,0.17,0.2,1.02,0.3469775006776904,0.1770972058075609,0.04174826945624044,True,PASS
SPACE_0001,space,0.17,0.2,1.04,0.3403048564338887,0.1739773423219223,0.023396131305425227,True,PASS
SPACE_0001,space,0.17,0.2,1.06,0.33388401008607943,0.17096415490794215,0.005671499458483135,True,PASS
SPACE_0001,space,0.17,0.2,1.08,0.32770097286226313,0.16783299530472745,0.012747086442779774,True,PASS
SPACE_0001,space,0.17,0.2,1.1,0.3217427733556765,0.16468542402676017,0.03126221160729316,True,PASS
SPACE_0001,space,0.17,0.2,1.12,0.3159973666886109,0.1616502660087203,0.04911608230164543,True,PASS
SPACE_0001,space,0.17,0.2,1.14,0.31045355323793355,0.1587216047632436,0.0663435013926848,True,PASS
SPACE_0001,space,0.17,0.2,1.16,0.305100905768314,0.15589393183657646,0.0829768715495503,True,PASS
SPACE_0001,space,0.17,0.2,1.18,0.2999297039756307,0.15316211222945772,0.09904639865024877,True,PASS
SPACE_0001,space,0.17,0.2,1.2,0.29493087557603687,0.1505134083455739,0.11462700973191836,False,CD_OUT_OF_SPEC
SPACE_0001,space,0.17,0.25,0.8,0.4423963133640552,0.21350950335017807,0.2559382550010474,False,CD_OUT_OF_SPEC
SPACE_0001,space,0.17,0.25,0.82,0.43160615937956615,0.20876442198443496,0.2280260116731467,False,CD_OUT_OF_SPEC
SPACE_0001,space,0.17,0.25,0.84,0.42132982225148125,0.20394862281837495,0.19969778128455842,False,CD_OUT_OF_SPEC
SPACE_0001,space,0.17,0.25,0.86,0.41153145429214444,0.19935681431120283,0.1726871430070754,False,CD_OUT_OF_SPEC
SPACE_0001,space,0.17,0.25,0.88,0.40217846669459567,0.1949737243725399,0.14690426101494053,False,CD_OUT_OF_SPEC
SPACE_0001,space,0.17,0.25,0.9,0.39324116743471577,0.19078543843114937,0.12226728488911384,False,CD_OUT_OF_SPEC
SPACE_0001,space,0.17,0.25,0.92,0.3846924464035263,0.18642091078856762,0.09659359287392712,True,PASS
SPACE_0001,space,0.17,0.25,0.94,0.3765075007353662,0.18215839938881867,0.07151999640481563,True,PASS
SPACE_0001,space,0.17,0.25,0.96,0.3686635944700461,0.1780734926307279,0.047491133121928666,True,PASS
SPACE_0001,space,0.17,0.25,0.98,0.36113984764412677,0.17415531676071863,0.024443039768933052,True,PASS
SPACE_0001,space,0.17,0.25,1.0,0.35391705069124424,0.17039386792551378,0.0023168701500809936,True,PASS
SPACE_0001,space,0.17,0.25,1.02,0.3469775006776904,0.1663442106757456,0.021504643083849535,True,PASS
SPACE_0001,space,0.17,0.25,1.04,0.3403048564338887,0.1623990303183897,0.044711586362413576,True,PASS
SPACE_0001,space,0.17,0.25,1.06,0.33388401008607943,0.15860272469150025,0.06704279593235156,True,PASS
SPACE_0001,space,0.17,0.25,1.08,0.32770097286226313,0.15494702297672003,0.08854692366635285,True,PASS
SPACE_0001,space,0.17,0.25,1.1,0.3217427733556765,0.1514242558697519,0.1092690831191066,False,CD_OUT_OF_SPEC
SPACE_0001,space,0.17,0.25,1.12,0.3159973666886109,0.14770995170133294,0.13111793116862983,False,CD_OUT_OF_SPEC
SPACE_0001,space,0.17,0.25,1.14,0.31045355323793355,0.14390262263197928,0.153513984517769,False,CD_OUT_OF_SPEC
SPACE_0001,space,0.17,0.25,1.16,0.305100905768314,0.1402265807719168,0.17513776016519536,False,CD_OUT_OF_SPEC
SPACE_0001,space,0.17,0.25,1.18,0.2999297039756307,0.1366751505003263,0.19602852646866886,False,CD_OUT_OF_SPEC
SPACE_0001,space,0.17,0.25,1.2,0.29493087557603687,0.13324210123779326,0.2162229338953338,False,CD_OUT_OF_SPEC
SPACE_0001,space,0.17,0.3,0.8,0.4423963133640552,0.20684329390565123,0.21672525826853656,False,CD_OUT_OF_SPEC
SPACE_0001,space,0.17,0.3,0.82,0.43160615937956615,0.20107950977915715,0.18282064575974782,False,CD_OUT_OF_SPEC
SPACE_0001,space,0.17,0.3,0.84,0.42132982225148125,0.1955901915634473,0.15053053860851354,False,CD_OUT_OF_SPEC
SPACE_0001,space,0.17,0.3,0.86,0.41153145429214444,0.19028002720613277,0.11929427768313385,False,CD_OUT_OF_SPEC
SPACE_0001,space,0.17,0.3,0.88,0.40217846669459567,0.1848114459959288,0.08712615291722817,True,PASS
SPACE_0001,space,0.17,0.3,0.9,0.39324116743471577,0.17947373586775467,0.05572785804561563,True,PASS
SPACE_0001,space,0.17,0.3,0.92,0.3846924464035263,0.17436810009297832,0.025694706429284148,True,PASS
SPACE_0001,space,0.17,0.3,0.94,0.3765075007353662,0.1693155507072417,0.004026172310343066,True,PASS
SPACE_0001,space,0.17,0.3,0.96,0.3686635944700461,0.164053958075249,0.03497671720441771,True,PASS
SPACE_0001,space,0.17,0.3,0.98,0.36113984764412677,0.15891855751529205,0.06518495579239979,True,PASS
SPACE_0001,space,0.17,0.3,1.0,0.35391705069124424,0.15398857297773416,0.09418486483685794,True,PASS
SPACE_0001,space,0.17,0.3,1.02,0.3469775006776904,0.1490234296756614,0.12339159014316829,False,CD_OUT_OF_SPEC
SPACE_0001,space,0.17,0.3,1.04,0.3403048564338887,0.14380418471286543,0.15409303110079162,False,CD_OUT_OF_SPEC
SPACE_0001,space,0.17,0.3,1.06,0.33388401008607943,0.13867750757440012,0.18424995544470527,False,CD_OUT_OF_SPEC
SPACE_0001,space,0.17,0.3,1.08,0.32770097286226313,0.13374070736698346,0.21328995666480324,False,CD_OUT_OF_SPEC
SPACE_0001,space,0.17,0.3,1.1,0.3217427733556765,0.12866883713749472,0.24312448742650172,False,CD_OUT_OF_SPEC
SPACE_0001,space,0.17,0.3,1.12,0.3159973666886109,0.12328593461996543,0.2747886198825564,False,CD_OUT_OF_SPEC
SPACE_0001,space,0.17,0.3,1.14,0.31045355323793355,0.1179719430608002,0.3060473937599989,False,CD_OUT_OF_SPEC
SPACE_0001,space,0.17,0.3,1.16,0.305100905768314,0.11284119258987999,0.33622827888305895,False,CD_OUT_OF_SPEC
SPACE_0001,space,0.17,0.3,1.18,0.2999297039756307,0.10736466159510732,0.368443167087604,False,CD_OUT_OF_SPEC
SPACE_0001,space,0.17,0.3,1.2,0.29493087557603687,0.101470079968743,0.403117176654453,False,CD_OUT_OF_SPEC
SPACE_0001,space,0.17,0.35,0.8,0.4423963133640552,0.19675554041189147,0.15738553183465565,False,CD_OUT_OF_SPEC
SPACE_0001,space,0.17,0.35,0.82,0.43160615937956615,0.18967539360303534,0.11573760942961958,False,CD_OUT_OF_SPEC
SPACE_0001,space,0.17,0.35,0.84,0.42132982225148125,0.18269176812886256,0.07465745958154442,True,PASS
SPACE_0001,space,0.17,0.35,0.86,0.41153145429214444,0.17575059998609052,0.03382705874170888,True,PASS
SPACE_0001,space,0.17,0.35,0.88,0.40217846669459567,0.16871022179866318,0.007586930596098985,True,PASS
SPACE_0001,space,0.17,0.35,0.9,0.39324116743471577,0.1616982901754217,0.048833587203401835,True,PASS
SPACE_0001,space,0.17,0.35,0.92,0.3846924464035263,0.1547029528392429,0.08998263035739476,True,PASS
SPACE_0001,space,0.17,0.35,0.94,0.3765075007353662,0.14744500125529972,0.13267646320411935,False,CD_OUT_OF_SPEC
SPACE_0001,space,0.17,0.35,0.96,0.3686635944700461,0.14011801824142345,0.17577636328574447,False,CD_OUT_OF_SPEC
SPACE_0001,space,0.17,0.35,0.98,0.36113984764412677,0.13264833400625842,0.219715682316127,False,CD_OUT_OF_SPEC
SPACE_0001,space,0.17,0.35,1.0,0.35391705069124424,0.1249888525167694,0.2647714557837095,False,CD_OUT_OF_SPEC
SPACE_0001,space,0.17,0.35,1.02,0.3469775006776904,0.11691485920929928,0.31226553406294544,False,CD_OUT_OF_SPEC
SPACE_0001,space,0.17,0.35,1.04,0.3403048564338887,0.1084142711792446,0.3622689930632671,False,CD_OUT_OF_SPEC
SPACE_0001,space,0.17,0.35,1.06,0.33388401008607943,0.09951921092895354,0.41459287688850865,False,CD_OUT_OF_SPEC
SPACE_0001,space,0.17,0.35,1.08,0.32770097286226313,0.08980371505635909,0.47174285260965243,False,CD_OUT_OF_SPEC
SPACE_0001,space,0.17,0.35,1.1,0.3217427733556765,0.07929057962455024,0.5335848257379397,False,CD_OUT_OF_SPEC
SPACE_0001,space,0.17,0.35,1.12,0.3159973666886109,0.06712918996982045,0.6051224119422327,False,CD_OUT_OF_SPEC
SPACE_0001,space,0.17,0.35,1.14,0.31045355323793355,0.05252931258051103,0.6910040436440529,False,CD_OUT_OF_SPEC
SPACE_0001,space,0.17,0.35,1.16,0.305100905768314,0.03203841190058401,0.8115387535259764,False,CD_OUT_OF_SPEC
SPACE_0001,space,0.17,0.35,1.18,0.2999297039756307,nan,,False,BRIDGED
SPACE_0001,space,0.17,0.35,1.2,0.29493087557603687,nan,,False,BRIDGED
SPACE_0001,space,0.17,0.4,0.8,0.4423963133640552,0.1807199948614418,0.06305879330259875,True,PASS
SPACE_0001,space,0.17,0.4,0.82,0.43160615937956615,0.17067144046068117,0.003949649768712678,True,PASS
SPACE_0001,space,0.17,0.4,0.84,0.42132982225148125,0.16099672829673667,0.05296042178390202,True,PASS
SPACE_0001,space,0.17,0.4,0.86,0.41153145429214444,0.1502795044888412,0.11600291477152243,False,CD_OUT_OF_SPEC
SPACE_0001,space,0.17,0.4,0.88,0.40217846669459567,0.13985006661526464,0.17735254932197275,False,CD_OUT_OF_SPEC
SPACE_0001,space,0.17,0.4,0.9,0.39324116743471577,0.1277953887113472,0.24826241934501644,False,CD_OUT_OF_SPEC
SPACE_0001,space,0.17,0.4,0.92,0.3846924464035263,0.11533638606658542,0.3215506701965564,False,CD_OUT_OF_SPEC
SPACE_0001,space,0.17,0.4,0.94,0.3765075007353662,0.10155305790107985,0.40262907117011854,False,CD_OUT_OF_SPEC
SPACE_0001,space,0.17,0.4,0.96,0.3686635944700461,0.08493068516193863,0.5004077343415375,False,CD_OUT_OF_SPEC
SPACE_0001,space,0.17,0.4,0.98,0.36113984764412677,0.06447621931882228,0.6207281216539866,False,CD_OUT_OF_SPEC
SPACE_0001,space,0.17,0.4,1.0,0.35391705069124424,0.03197190903868734,0.8119299468312511,False,CD_OUT_OF_SPEC
SPACE_0001,space,0.17,0.4,1.02,0.3469775006776904,nan,,False,BRIDGED
SPACE_0001,space,0.17,0.4,1.04,0.3403048564338887,nan,,False,BRIDGED
SPACE_0001,space,0.17,0.4,1.06,0.33388401008607943,nan,,False,BRIDGED
SPACE_0001,space,0.17,0.4,1.08,0.32770097286226313,nan,,False,BRIDGED
SPACE_0001,space,0.17,0.4,1.1,0.3217427733556765,nan,,False,BRIDGED
SPACE_0001,space,0.17,0.4,1.12,0.3159973666886109,nan,,False,BRIDGED
SPACE_0001,space,0.17,0.4,1.14,0.31045355323793355,nan,,False,BRIDGED
SPACE_0001,space,0.17,0.4,1.16,0.305100905768314,nan,,False,BRIDGED
SPACE_0001,space,0.17,0.4,1.18,0.2999297039756307,nan,,False,BRIDGED
SPACE_0001,space,0.17,0.4,1.2,0.29493087557603687,nan,,False,BRIDGED
REFERENCE_ANCHOR,width,0.17,-0.4,0.8,0.4423963133640552,nan,,False,MISSING_FEATURE
REFERENCE_ANCHOR,width,0.17,-0.4,0.82,0.43160615937956615,nan,,False,MISSING_FEATURE
REFERENCE_ANCHOR,width,0.17,-0.4,0.84,0.42132982225148125,0.04732171251639909,0.7216369851976524,False,CD_OUT_OF_SPEC
REFERENCE_ANCHOR,width,0.17,-0.4,0.86,0.41153145429214444,0.0749964509487846,0.5588444061836201,False,CD_OUT_OF_SPEC
REFERENCE_ANCHOR,width,0.17,-0.4,0.88,0.40217846669459567,0.09489412131369077,0.44179928639005434,False,CD_OUT_OF_SPEC
REFERENCE_ANCHOR,width,0.17,-0.4,0.9,0.39324116743471577,0.11137380319979726,0.34485998117766326,False,CD_OUT_OF_SPEC
REFERENCE_ANCHOR,width,0.17,-0.4,0.92,0.3846924464035263,0.12564619633872148,0.26090472741928544,False,CD_OUT_OF_SPEC
REFERENCE_ANCHOR,width,0.17,-0.4,0.94,0.3765075007353662,0.138525552599694,0.1851438082370941,False,CD_OUT_OF_SPEC
REFERENCE_ANCHOR,width,0.17,-0.4,0.96,0.3686635944700461,0.15052969604453736,0.11453119973801557,False,CD_OUT_OF_SPEC
REFERENCE_ANCHOR,width,0.17,-0.4,0.98,0.36113984764412677,0.161606144595456,0.049375620026729496,True,PASS
REFERENCE_ANCHOR,width,0.17,-0.4,1.0,0.35391705069124424,0.1722086839339919,0.012992258435246474,True,PASS
REFERENCE_ANCHOR,width,0.17,-0.4,1.02,0.3469775006776904,0.18231917597825448,0.07246574104855567,True,PASS
REFERENCE_ANCHOR,width,0.17,-0.4,1.04,0.3403048564338887,0.19209093542646155,0.12994667897918552,False,CD_OUT_OF_SPEC
REFERENCE_ANCHOR,width,0.17,-0.4,1.06,0.33388401008607943,0.2016715598878275,0.18630329345780877,False,CD_OUT_OF_SPEC
REFERENCE_ANCHOR,width,0.17,-0.4,1.08,0.32770097286226313,0.2109814398333136,0.24106729313713876,False,CD_OUT_OF_SPEC
REFERENCE_ANCHOR,width,0.17,-0.4,1.1,0.3217427733556765,0.22038467138842727,0.296380419931925,False,CD_OUT_OF_SPEC
REFERENCE_ANCHOR,width,0.17,-0.4,1.12,0.3159973666886109,0.2296079990287035,0.3506352884041381,False,CD_OUT_OF_SPEC
REFERENCE_ANCHOR,width,0.17,-0.4,1.14,0.31045355323793355,0.2391246638526797,0.40661566972164515,False,CD_OUT_OF_SPEC
REFERENCE_ANCHOR,width,0.17,-0.4,1.16,0.305100905768314,0.24870682284344714,0.4629813108438066,False,CD_OUT_OF_SPEC
REFERENCE_ANCHOR,width,0.17,-0.4,1.18,0.2999297039756307,0.25877034729079124,0.5221785134752425,False,CD_OUT_OF_SPEC
REFERENCE_ANCHOR,width,0.17,-0.4,1.2,0.29493087557603687,0.269500681899935,0.5852981288231468,False,CD_OUT_OF_SPEC
REFERENCE_ANCHOR,width,0.17,-0.35,0.8,0.4423963133640552,0.06081010363610544,0.6422935080229092,False,CD_OUT_OF_SPEC
REFERENCE_ANCHOR,width,0.17,-0.35,0.82,0.43160615937956615,0.07976765520773947,0.5307784987780031,False,CD_OUT_OF_SPEC
REFERENCE_ANCHOR,width,0.17,-0.35,0.84,0.42132982225148125,0.09495119937513294,0.44146353308745334,False,CD_OUT_OF_SPEC
REFERENCE_ANCHOR,width,0.17,-0.35,0.86,0.41153145429214444,0.1078952334473407,0.36532215619211356,False,CD_OUT_OF_SPEC
REFERENCE_ANCHOR,width,0.17,-0.35,0.88,0.40217846669459567,0.11907876376025808,0.2995366837631878,False,CD_OUT_OF_SPEC
REFERENCE_ANCHOR,width,0.17,-0.35,0.9,0.39324116743471577,0.129525634350814,0.2380845038187413,False,CD_OUT_OF_SPEC
REFERENCE_ANCHOR,width,0.17,-0.35,0.92,0.3846924464035263,0.13884690120550702,0.18325352232054698,False,CD_OUT_OF_SPEC
REFERENCE_ANCHOR,width,0.17,-0.35,0.94,0.3765075007353662,0.14772148025696039,0.1310501161355272,False,CD_OUT_OF_SPEC
REFERENCE_ANCHOR,width,0.17,-0.35,0.96,0.3686635944700461,0.15597272375513194,0.08251338967569456,True,PASS
REFERENCE_ANCHOR,width,0.17,-0.35,0.98,0.36113984764412677,0.16380090080703802,0.03646528937036466,True,PASS
REFERENCE_ANCHOR,width,0.17,-0.35,1.0,0.35391705069124424,0.1713065636490982,0.0076856685241069094,True,PASS
REFERENCE_ANCHOR,width,0.17,-0.35,1.02,0.3469775006776904,0.17847384643651545,0.04984615550891436,True,PASS
REFERENCE_ANCHOR,width,0.17,-0.35,1.04,0.3403048564338887,0.1853654645013415,0.09038508530200877,True,PASS
REFERENCE_ANCHOR,width,0.17,-0.35,1.06,0.33388401008607943,0.19205043473644717,0.12970843962615977,False,CD_OUT_OF_SPEC
REFERENCE_ANCHOR,width,0.17,-0.35,1.08,0.32770097286226313,0.19860772564280638,0.16828073907533153,False,CD_OUT_OF_SPEC
REFERENCE_ANCHOR,width,0.17,-0.35,1.1,0.3217427733556765,0.20492656960710612,0.20545040945356532,False,CD_OUT_OF_SPEC
REFERENCE_ANCHOR,width,0.17,-0.35,1.12,0.3159973666886109,0.21109652532457251,0.24174426661513235,False,CD_OUT_OF_SPEC
REFERENCE_ANCHOR,width,0.17,-0.35,1.14,0.31045355323793355,0.2173423507243287,0.2784844160254628,False,CD_OUT_OF_SPEC
REFERENCE_ANCHOR,width,0.17,-0.35,1.16,0.305100905768314,0.2233871804851812,0.31404223814812454,False,CD_OUT_OF_SPEC
REFERENCE_ANCHOR,width,0.17,-0.35,1.18,0.2999297039756307,0.22929508913455976,0.3487946419679985,False,CD_OUT_OF_SPEC
REFERENCE_ANCHOR,width,0.17,-0.35,1.2,0.29493087557603687,0.23539816188525256,0.38469506991325025,False,CD_OUT_OF_SPEC
REFERENCE_ANCHOR,width,0.17,-0.3,0.8,0.4423963133640552,0.09296119661298577,0.453169431688319,False,CD_OUT_OF_SPEC
REFERENCE_ANCHOR,width,0.17,-0.3,0.82,0.43160615937956615,0.10396474701445588,0.3884426646208478,False,CD_OUT_OF_SPEC
REFERENCE_ANCHOR,width,0.17,-0.3,0.84,0.42132982225148125,0.11394013025019928,0.3297639397047102,False,CD_OUT_OF_SPEC
REFERENCE_ANCHOR,width,0.17,-0.3,0.86,0.41153145429214444,0.1228103730541528,0.2775860408579248,False,CD_OUT_OF_SPEC
REFERENCE_ANCHOR,width,0.17,-0.3,0.88,0.40217846669459567,0.13118085877990973,0.2283478895299428,False,CD_OUT_OF_SPEC
REFERENCE_ANCHOR,width,0.17,-0.3,0.9,0.39324116743471577,0.1386741817197763,0.1842695192954336,False,CD_OUT_OF_SPEC
REFERENCE_ANCHOR,width,0.17,-0.3,0.92,0.3846924464035263,0.14584170801009683,0.14210759994060695,False,CD_OUT_OF_SPEC
REFERENCE_ANCHOR,width,0.17,-0.3,0.94,0.3765075007353662,0.15259733440555917,0.10236862114376964,False,CD_OUT_OF_SPEC
REFERENCE_ANCHOR,width,0.17,-0.3,0.96,0.3686635944700461,0.15891492721834838,0.06520631048030372,True,PASS
REFERENCE_ANCHOR,width,0.17,-0.3,0.98,0.36113984764412677,0.16497465909999448,0.02956082882356195,True,PASS
REFERENCE_ANCHOR,width,0.17,-0.3,1.0,0.35391705069124424,0.1707873448842533,0.004631440495607512,True,PASS
REFERENCE_ANCHOR,width,0.17,-0.3,1.02,0.3469775006776904,0.17634222700354674,0.0373072176679219,True,PASS
REFERENCE_ANCHOR,width,0.17,-0.3,1.04,0.3403048564338887,0.1816834598105479,0.06872623417969344,True,PASS
REFERENCE_ANCHOR,width,0.17,-0.3,1.06,0.33388401008607943,0.1868231366625731,0.09895962742690055,True,PASS
REFERENCE_ANCHOR,width,0.17,-0.3,1.08,0.32770097286226313,0.1918218813089077,0.128364007699457,False,CD_OUT_OF_SPEC
REFERENCE_ANCHOR,width,0.17,-0.3,1.1,0.3217427733556765,0.19672603021909224,0.1572119424652484,False,CD_OUT_OF_SPEC
REFERENCE_ANCHOR,width,0.17,-0.3,1.12,0.3159973666886109,0.2014550309539102,0.18502959384653056,False,CD_OUT_OF_SPEC
REFERENCE_ANCHOR,width,0.17,-0.3,1.14,0.31045355323793355,0.2060181018383772,0.21187118728457174,False,CD_OUT_OF_SPEC
REFERENCE_ANCHOR,width,0.17,-0.3,1.16,0.305100905768314,0.21047252941140857,0.2380737024200503,False,CD_OUT_OF_SPEC
REFERENCE_ANCHOR,width,0.17,-0.3,1.18,0.2999297039756307,0.2149882273381903,0.26463663140111937,False,CD_OUT_OF_SPEC
REFERENCE_ANCHOR,width,0.17,-0.3,1.2,0.29493087557603687,0.21937657999735344,0.2904504705726672,False,CD_OUT_OF_SPEC
REFERENCE_ANCHOR,width,0.17,-0.25,0.8,0.4423963133640552,0.10852903015576419,0.3615939402602107,False,CD_OUT_OF_SPEC
REFERENCE_ANCHOR,width,0.17,-0.25,0.82,0.43160615937956615,0.11672434326759447,0.3133862160729738,False,CD_OUT_OF_SPEC
REFERENCE_ANCHOR,width,0.17,-0.25,0.84,0.42132982225148125,0.12437462864800994,0.26838453736464746,False,CD_OUT_OF_SPEC
REFERENCE_ANCHOR,width,0.17,-0.25,0.86,0.41153145429214444,0.13154602717877698,0.22619984012484137,False,CD_OUT_OF_SPEC
REFERENCE_ANCHOR,width,0.17,-0.25,0.88,0.40217846669459567,0.13799840158451693,0.1882446965616652,False,CD_OUT_OF_SPEC
REFERENCE_ANCHOR,width,0.17,-0.25,0.9,0.39324116743471577,0.14416400379445138,0.15197644826793313,False,CD_OUT_OF_SPEC
REFERENCE_ANCHOR,width,0.17,-0.25,0.92,0.3846924464035263,0.1500591669870165,0.11729901772343247,False,CD_OUT_OF_SPEC
REFERENCE_ANCHOR,width,0.17,-0.25,0.94,0.3765075007353662,0.15548684528843704,0.08537149830331162,True,PASS
REFERENCE_ANCHOR,width,0.17,-0.25,0.96,0.3686635944700461,0.16068837032726946,0.054774292192532666,True,PASS
REFERENCE_ANCHOR,width,0.17,-0.25,0.98,0.36113984764412677,0.1656775882216822,0.025425951637163675,True,PASS
REFERENCE_ANCHOR,width,0.17,-0.25,1.0,0.35391705069124424,0.17046470083883547,0.0027335343460909286,True,PASS
REFERENCE_ANCHOR,width,0.17,-0.25,1.02,0.3469775006776904,0.1750415718661908,0.029656305095239883,True,PASS
REFERENCE_ANCHOR,width,0.17,-0.25,1.04,0.3403048564338887,0.1794424093924977,0.05554358466175109,True,PASS
REFERENCE_ANCHOR,width,0.17,-0.25,1.06,0.33388401008607943,0.18367717757819754,0.08045398575410312,True,PASS
REFERENCE_ANCHOR,width,0.17,-0.25,1.08,0.32770097286226313,0.1877551024977466,0.10444177939850934,False,CD_OUT_OF_SPEC
REFERENCE_ANCHOR,width,0.17,-0.25,1.1,0.3217427733556765,0.1917328616693152,0.1278403627606775,False,CD_OUT_OF_SPEC
REFERENCE_ANCHOR,width,0.17,-0.25,1.12,0.3159973666886109,0.19563242179390308,0.1507789517288416,False,CD_OUT_OF_SPEC
REFERENCE_ANCHOR,width,0.17,-0.25,1.14,0.31045355323793355,0.19939515524744167,0.17291267792612738,False,CD_OUT_OF_SPEC
REFERENCE_ANCHOR,width,0.17,-0.25,1.16,0.305100905768314,0.2030281392715521,0.19428317218560057,False,CD_OUT_OF_SPEC
REFERENCE_ANCHOR,width,0.17,-0.25,1.18,0.2999297039756307,0.2065379712948413,0.21492924291083113,False,CD_OUT_OF_SPEC
REFERENCE_ANCHOR,width,0.17,-0.25,1.2,0.29493087557603687,0.20995674771363965,0.2350396924331743,False,CD_OUT_OF_SPEC
REFERENCE_ANCHOR,width,0.17,-0.2,0.8,0.4423963133640552,0.11749492538481185,0.3088533800893421,False,CD_OUT_OF_SPEC
REFERENCE_ANCHOR,width,0.17,-0.2,0.82,0.43160615937956615,0.12442243403462408,0.2681033292080937,False,CD_OUT_OF_SPEC
REFERENCE_ANCHOR,width,0.17,-0.2,0.84,0.42132982225148125,0.13094546303889953,0.22973257035941455,False,CD_OUT_OF_SPEC
REFERENCE_ANCHOR,width,0.17,-0.2,0.86,0.41153145429214444,0.13677707525561927,0.19542896908459256,False,CD_OUT_OF_SPEC
REFERENCE_ANCHOR,width,0.17,-0.2,0.88,0.40217846669459567,0.1423436141897634,0.16268462241315648,False,CD_OUT_OF_SPEC
REFERENCE_ANCHOR,width,0.17,-0.2,0.9,0.39324116743471577,0.14766275139350574,0.13139558003820162,False,CD_OUT_OF_SPEC
REFERENCE_ANCHOR,width,0.17,-0.2,0.92,0.3846924464035263,0.1526451273056904,0.10208748643711531,False,CD_OUT_OF_SPEC
REFERENCE_ANCHOR,width,0.17,-0.2,0.94,0.3765075007353662,0.1573295467189365,0.07453207812390296,True,PASS
REFERENCE_ANCHOR,width,0.17,-0.2,0.96,0.3686635944700461,0.16181878198997102,0.04812481182369997,True,PASS
REFERENCE_ANCHOR,width,0.17,-0.2,0.98,0.36113984764412677,0.16612478316829885,0.022795393127653923,True,PASS
REFERENCE_ANCHOR,width,0.17,-0.2,1.0,0.35391705069124424,0.1702569075573833,0.0015112209257839946,True,PASS
REFERENCE_ANCHOR,width,0.17,-0.2,1.02,0.3469775006776904,0.1742089766604239,0.02475868623778756,True,PASS
REFERENCE_ANCHOR,width,0.17,-0.2,1.04,0.3403048564338887,0.17800888529112996,0.04711108994782321,True,PASS
REFERENCE_ANCHOR,width,0.17,-0.2,1.06,0.33388401008607943,0.18166540114333807,0.06862000672551796,True,PASS
REFERENCE_ANCHOR,width,0.17,-0.2,1.08,0.32770097286226313,0.18518649048249652,0.08933229695586183,True,PASS
REFERENCE_ANCHOR,width,0.17,-0.2,1.1,0.3217427733556765,0.18857954020931858,0.10929141299599157,False,CD_OUT_OF_SPEC
REFERENCE_ANCHOR,width,0.17,-0.2,1.12,0.3159973666886109,0.1919052284985024,0.1288542852853081,False,CD_OUT_OF_SPEC
REFERENCE_ANCHOR,width,0.17,-0.2,1.14,0.31045355323793355,0.1951557749548965,0.14797514679350873,False,CD_OUT_OF_SPEC
REFERENCE_ANCHOR,width,0.17,-0.2,1.16,0.305100905768314,0.19829423360245776,0.16643666824975148,False,CD_OUT_OF_SPEC
REFERENCE_ANCHOR,width,0.17,-0.2,1.18,0.2999297039756307,0.20132630382129102,0.18427237541935884,False,CD_OUT_OF_SPEC
REFERENCE_ANCHOR,width,0.17,-0.2,1.2,0.29493087557603687,0.20425730503282458,0.20151355901661508,False,CD_OUT_OF_SPEC
REFERENCE_ANCHOR,width,0.17,-0.15,0.8,0.4423963133640552,0.12319072093757881,0.2753487003671835,False,CD_OUT_OF_SPEC
REFERENCE_ANCHOR,width,0.17,-0.15,0.82,0.43160615937956615,0.12940322724399506,0.23880454562355855,False,CD_OUT_OF_SPEC
REFERENCE_ANCHOR,width,0.17,-0.15,0.84,0.42132982225148125,0.13493276627064163,0.206277845466814,False,CD_OUT_OF_SPEC
REFERENCE_ANCHOR,width,0.17,-0.15,0.86,0.41153145429214444,0.14016369183004324,0.17550769511739278,False,CD_OUT_OF_SPEC
REFERENCE_ANCHOR,width,0.17,-0.15,0.88,0.40217846669459567,0.14515684804582035,0.1461361879657627,False,CD_OUT_OF_SPEC
REFERENCE_ANCHOR,width,0.17,-0.15,0.9,0.39324116743471577,0.14992599493646075,0.11808238272670155,False,CD_OUT_OF_SPEC
REFERENCE_ANCHOR,width,0.17,-0.15,0.92,0.3846924464035263,0.15432062565274496,0.09223161380738266,True,PASS
REFERENCE_ANCHOR,width,0.17,-0.15,0.94,0.3765075007353662,0.15852361336469928,0.0675081566782396,True,PASS
REFERENCE_ANCHOR,width,0.17,-0.15,0.96,0.3686635944700461,0.1625514765886408,0.04381484359623064,True,PASS
REFERENCE_ANCHOR,width,0.17,-0.15,0.98,0.36113984764412677,0.16641493723201722,0.021088604517545812,True,PASS
REFERENCE_ANCHOR,width,0.17,-0.15,1.0,0.35391705069124424,0.17012254775134592,0.000720869125564134,True,PASS
REFERENCE_ANCHOR,width,0.17,-0.15,1.02,0.3469775006776904,0.17366972473834513,0.02158661610791247,True,PASS
REFERENCE_ANCHOR,width,0.17,-0.15,1.04,0.3403048564338887,0.17708007718787316,0.041647512869842064,True,PASS
REFERENCE_ANCHOR,width,0.17,-0.15,1.06,0.33388401008607943,0.180361737092139,0.060951394659641174,True,PASS
REFERENCE_ANCHOR,width,0.17,-0.15,1.08,0.32770097286226313,0.18352185403699584,0.07954031786468131,True,PASS
REFERENCE_ANCHOR,width,0.17,-0.15,1.1,0.3217427733556765,0.1865670576383846,0.09745328022579171,True,PASS
REFERENCE_ANCHOR,width,0.17,-0.15,1.12,0.3159973666886109,0.18950350396831822,0.11472649393128358,False,CD_OUT_OF_SPEC
REFERENCE_ANCHOR,width,0.17,-0.15,1.14,0.31045355323793355,0.19240581627733644,0.13179891927844956,False,CD_OUT_OF_SPEC
REFERENCE_ANCHOR,width,0.17,-0.15,1.16,0.305100905768314,0.1952233940157222,0.14837290597483635,False,CD_OUT_OF_SPEC
REFERENCE_ANCHOR,width,0.17,-0.15,1.18,0.2999297039756307,0.19794546064433538,0.16438506261373745,False,CD_OUT_OF_SPEC
REFERENCE_ANCHOR,width,0.17,-0.15,1.2,0.29493087557603687,0.20057679171865544,0.17986348069797312,False,CD_OUT_OF_SPEC
REFERENCE_ANCHOR,width,0.17,-0.1,0.8,0.4423963133640552,0.1267630218402488,0.2543351656455954,False,CD_OUT_OF_SPEC
REFERENCE_ANCHOR,width,0.17,-0.1,0.82,0.43160615937956615,0.13234368592616702,0.22150772984607642,False,CD_OUT_OF_SPEC
REFERENCE_ANCHOR,width,0.17,-0.1,0.84,0.42132982225148125,0.13743461951601305,0.19156106167051157,False,CD_OUT_OF_SPEC
REFERENCE_ANCHOR,width,0.17,-0.1,0.86,0.41153145429214444,0.14228876549701086,0.1630072617822891,False,CD_OUT_OF_SPEC
REFERENCE_ANCHOR,width,0.17,-0.1,0.88,0.40217846669459567,0.14692226847889417,0.1357513618888579,False,CD_OUT_OF_SPEC
REFERENCE_ANCHOR,width,0.17,-0.1,0.9,0.39324116743471577,0.15129852344194394,0.11000868563562392,False,CD_OUT_OF_SPEC
REFERENCE_ANCHOR,width,0.17,-0.1,0.92,0.3846924464035263,0.15537277029655122,0.08604252766734583,True,PASS
REFERENCE_ANCHOR,width,0.17,-0.1,0.94,0.3765075007353662,0.15927364494456836,0.06309620620842148,True,PASS
REFERENCE_ANCHOR,width,0.17,-0.1,0.96,0.3686635944700461,0.16301198314891893,0.04110598147694753,True,PASS
REFERENCE_ANCHOR,width,0.17,-0.1,0.98,0.36113984764412677,0.16659773612043938,0.02001331693859197,True,PASS
REFERENCE_ANCHOR,width,0.17,-0.1,1.0,0.35391705069124424,0.17003895714339545,0.00022915966703200317,True,PASS
REFERENCE_ANCHOR,width,0.17,-0.1,1.02,0.3469775006776904,0.1733318677004146,0.019599221767144563,True,PASS
REFERENCE_ANCHOR,width,0.17,-0.1,1.04,0.3403048564338887,0.17649763493168613,0.03822138195109482,True,PASS
REFERENCE_ANCHOR,width,0.17,-0.1,1.06,0.33388401008607943,0.17954393924855588,0.05614081910915218,True,PASS
REFERENCE_ANCHOR,width,0.17,-0.1,1.08,0.32770097286226313,0.18247741747963275,0.07339657340960436,True,PASS
REFERENCE_ANCHOR,width,0.17,-0.1,1.1,0.3217427733556765,0.1853042237750197,0.09002484573540995,True,PASS
REFERENCE_ANCHOR,width,0.17,-0.1,1.12,0.3159973666886109,0.18803007270271682,0.10605925119245181,False,CD_OUT_OF_SPEC
REFERENCE_ANCHOR,width,0.17,-0.1,1.14,0.31045355323793355,0.19067912072679793,0.12164188662822306,False,CD_OUT_OF_SPEC
REFERENCE_ANCHOR,width,0.17,-0.1,1.16,0.305100905768314,0.19329511163637264,0.13703006844925075,False,CD_OUT_OF_SPEC
REFERENCE_ANCHOR,width,0.17,-0.1,1.18,0.2999297039756307,0.195822424887996,0.15189661698821172,False,CD_OUT_OF_SPEC
REFERENCE_ANCHOR,width,0.17,-0.1,1.2,0.29493087557603687,0.1982654943645582,0.1662676139091658,False,CD_OUT_OF_SPEC
REFERENCE_ANCHOR,width,0.17,-0.05,0.8,0.4423963133640552,0.12873509694154614,0.24273472387325806,False,CD_OUT_OF_SPEC
REFERENCE_ANCHOR,width,0.17,-0.05,0.82,0.43160615937956615,0.1339433625040469,0.2120978676232536,False,CD_OUT_OF_SPEC
REFERENCE_ANCHOR,width,0.17,-0.05,0.84,0.42132982225148125,0.13881615732738373,0.18343436866244872,False,CD_OUT_OF_SPEC
REFERENCE_ANCHOR,width,0.17,-0.05,0.86,0.41153145429214444,0.14346231053105307,0.15610405569968788,False,CD_OUT_OF_SPEC
REFERENCE_ANCHOR,width,0.17,-0.05,0.88,0.40217846669459567,0.14789727495272087,0.1300160296898773,False,CD_OUT_OF_SPEC
REFERENCE_ANCHOR,width,0.17,-0.05,0.9,0.39324116743471577,0.15205412720062164,0.10556395764340218,False,CD_OUT_OF_SPEC
REFERENCE_ANCHOR,width,0.17,-0.05,0.92,0.3846924464035263,0.15595413997659954,0.08262270602000275,True,PASS
REFERENCE_ANCHOR,width,0.17,-0.05,0.94,0.3765075007353662,0.15968819476211116,0.06065767786993444,True,PASS
REFERENCE_ANCHOR,width,0.17,-0.05,0.96,0.3686635944700461,0.16326666393156022,0.0396078592261164,True,PASS
REFERENCE_ANCHOR,width,0.17,-0.05,0.98,0.36113984764412677,0.1666990731349101,0.01941721685347015,True,PASS
REFERENCE_ANCHOR,width,0.17,-0.05,1.0,0.35391705069124424,0.1699932019324774,3.99886324858878e-05,True,PASS
REFERENCE_ANCHOR,width,0.17,-0.05,1.02,0.3469775006776904,0.17314565183546324,0.018503834326254267,True,PASS
REFERENCE_ANCHOR,width,0.17,-0.05,1.04,0.3403048564338887,0.17617632293358582,0.036331311374034135,True,PASS
REFERENCE_ANCHOR,width,0.17,-0.05,1.06,0.33388401008607943,0.17909262908460666,0.05348605343886262,True,PASS
REFERENCE_ANCHOR,width,0.17,-0.05,1.08,0.32770097286226313,0.18190092389670365,0.07000543468649197,True,PASS
REFERENCE_ANCHOR,width,0.17,-0.05,1.1,0.3217427733556765,0.18460709889745225,0.08592411116148374,True,PASS
REFERENCE_ANCHOR,width,0.17,-0.05,1.12,0.3159973666886109,0.1872166247910264,0.10127426347662585,False,CD_OUT_OF_SPEC
REFERENCE_ANCHOR,width,0.17,-0.05,1.14,0.31045355323793355,0.18973698482335452,0.11609991072561475,False,CD_OUT_OF_SPEC
REFERENCE_ANCHOR,width,0.17,-0.05,1.16,0.305100905768314,0.19223013169465114,0.13076548055677134,False,CD_OUT_OF_SPEC
REFERENCE_ANCHOR,width,0.17,-0.05,1.18,0.2999297039756307,0.19464983543809525,0.1449990319887955,False,CD_OUT_OF_SPEC
REFERENCE_ANCHOR,width,0.17,-0.05,1.2,0.29493087557603687,0.196988882390093,0.15875813170642927,False,CD_OUT_OF_SPEC
REFERENCE_ANCHOR,width,0.17,0.0,0.8,0.4423963133640552,0.12936623704788774,0.23902213501242509,False,CD_OUT_OF_SPEC
REFERENCE_ANCHOR,width,0.17,0.0,0.82,0.43160615937956615,0.13445538155870673,0.20908599083113694,False,CD_OUT_OF_SPEC
REFERENCE_ANCHOR,width,0.17,0.0,0.84,0.42132982225148125,0.13925836691033783,0.18083313582154226,False,CD_OUT_OF_SPEC
REFERENCE_ANCHOR,width,0.17,0.0,0.86,0.41153145429214444,0.14383795759446225,0.15389436709139862,False,CD_OUT_OF_SPEC
REFERENCE_ANCHOR,width,0.17,0.0,0.88,0.40217846669459567,0.1482093850656615,0.12818008784905005,False,CD_OUT_OF_SPEC
REFERENCE_ANCHOR,width,0.17,0.0,0.9,0.39324116743471577,0.15229604608598465,0.10414090537656093,False,CD_OUT_OF_SPEC
REFERENCE_ANCHOR,width,0.17,0.0,0.92,0.3846924464035263,0.1561402928264422,0.08152768925622238,True,PASS
REFERENCE_ANCHOR,width,0.17,0.0,0.94,0.3765075007353662,0.15982095459921886,0.059876737651653855,True,PASS
REFERENCE_ANCHOR,width,0.17,0.0,0.96,0.3686635944700461,0.1633482554648028,0.039127909030571804,True,PASS
REFERENCE_ANCHOR,width,0.17,0.0,0.98,0.36113984764412677,0.16673158486648176,0.019225971373636755,True,PASS
REFERENCE_ANCHOR,width,0.17,0.0,1.0,0.35391705069124424,0.16997863502992788,0.00012567629454193925,True,PASS
REFERENCE_ANCHOR,width,0.17,0.0,1.02,0.3469775006776904,0.17308611947971964,0.018153643998350726,True,PASS
REFERENCE_ANCHOR,width,0.17,0.0,1.04,0.3403048564338887,0.17607354491329413,0.035726734784083065,True,PASS
REFERENCE_ANCHOR,width,0.17,0.0,1.06,0.33388401008607943,0.178948237311634,0.05263669006843526,True,PASS
REFERENCE_ANCHOR,width,0.17,0.0,1.08,0.32770097286226313,0.18171645962115607,0.06892035071268268,True,PASS
REFERENCE_ANCHOR,width,0.17,0.0,1.1,0.3217427733556765,0.18438401930123693,0.08461187824257012,True,PASS
REFERENCE_ANCHOR,width,0.17,0.0,1.12,0.3159973666886109,0.18695630899273952,0.09974299407493825,True,PASS
REFERENCE_ANCHOR,width,0.17,0.0,1.14,0.31045355323793355,0.18943834290559836,0.1143431935623432,False,CD_OUT_OF_SPEC
REFERENCE_ANCHOR,width,0.17,0.0,1.16,0.305100905768314,0.19188925532630086,0.12876032544882848,False,CD_OUT_OF_SPEC
REFERENCE_ANCHOR,width,0.17,0.0,1.18,0.2999297039756307,0.19427450649893813,0.14279121469963596,False,CD_OUT_OF_SPEC
REFERENCE_ANCHOR,width,0.17,0.0,1.2,0.29493087557603687,0.1965802492991524,0.15635440764207292,False,CD_OUT_OF_SPEC
REFERENCE_ANCHOR,width,0.17,0.05,0.8,0.4423963133640552,0.12873509694154614,0.24273472387325806,False,CD_OUT_OF_SPEC
REFERENCE_ANCHOR,width,0.17,0.05,0.82,0.43160615937956615,0.13394336250404693,0.21209786762325344,False,CD_OUT_OF_SPEC
REFERENCE_ANCHOR,width,0.17,0.05,0.84,0.42132982225148125,0.13881615732738375,0.18343436866244855,False,CD_OUT_OF_SPEC
REFERENCE_ANCHOR,width,0.17,0.05,0.86,0.41153145429214444,0.1434623105310531,0.15610405569968772,False,CD_OUT_OF_SPEC
REFERENCE_ANCHOR,width,0.17,0.05,0.88,0.40217846669459567,0.14789727495272087,0.1300160296898773,False,CD_OUT_OF_SPEC
REFERENCE_ANCHOR,width,0.17,0.05,0.9,0.39324116743471577,0.15205412720062167,0.10556395764340201,False,CD_OUT_OF_SPEC
REFERENCE_ANCHOR,width,0.17,0.05,0.92,0.3846924464035263,0.15595413997659957,0.08262270602000259,True,PASS
REFERENCE_ANCHOR,width,0.17,0.05,0.94,0.3765075007353662,0.15968819476211116,0.06065767786993444,True,PASS
REFERENCE_ANCHOR,width,0.17,0.05,0.96,0.3686635944700461,0.16326666393156025,0.03960785922611623,True,PASS
REFERENCE_ANCHOR,width,0.17,0.05,0.98,0.36113984764412677,0.16669907313491006,0.019417216853470313,True,PASS
REFERENCE_ANCHOR,width,0.17,0.05,1.0,0.35391705069124424,0.16999320193247738,3.9988632486051066e-05,True,PASS
REFERENCE_ANCHOR,width,0.17,0.05,1.02,0.3469775006776904,0.1731456518354632,0.018503834326254104,True,PASS
REFERENCE_ANCHOR,width,0.17,0.05,1.04,0.3403048564338887,0.17617632293358582,0.036331311374034135,True,PASS
REFERENCE_ANCHOR,width,0.17,0.05,1.06,0.33388401008607943,0.1790926290846066,0.05348605343886229,True,PASS
REFERENCE_ANCHOR,width,0.17,0.05,1.08,0.32770097286226313,0.18190092389670362,0.07000543468649181,True,PASS
REFERENCE_ANCHOR,width,0.17,0.05,1.1,0.3217427733556765,0.1846070988974522,0.08592411116148341,True,PASS
REFERENCE_ANCHOR,width,0.17,0.05,1.12,0.3159973666886109,0.1872166247910264,0.10127426347662585,False,CD_OUT_OF_SPEC
REFERENCE_ANCHOR,width,0.17,0.05,1.14,0.31045355323793355,0.1897369848233545,0.11609991072561458,False,CD_OUT_OF_SPEC
REFERENCE_ANCHOR,width,0.17,0.05,1.16,0.305100905768314,0.19223013169465114,0.13076548055677134,False,CD_OUT_OF_SPEC
REFERENCE_ANCHOR,width,0.17,0.05,1.18,0.2999297039756307,0.19464983543809522,0.14499903198879532,False,CD_OUT_OF_SPEC
REFERENCE_ANCHOR,width,0.17,0.05,1.2,0.29493087557603687,0.19698888239009293,0.15875813170642894,False,CD_OUT_OF_SPEC
REFERENCE_ANCHOR,width,0.17,0.1,0.8,0.4423963133640552,0.12676302184024882,0.2543351656455952,False,CD_OUT_OF_SPEC
REFERENCE_ANCHOR,width,0.17,0.1,0.82,0.43160615937956615,0.13234368592616708,0.22150772984607608,False,CD_OUT_OF_SPEC
REFERENCE_ANCHOR,width,0.17,0.1,0.84,0.42132982225148125,0.1374346195160131,0.19156106167051123,False,CD_OUT_OF_SPEC
REFERENCE_ANCHOR,width,0.17,0.1,0.86,0.41153145429214444,0.14228876549701092,0.16300726178228878,False,CD_OUT_OF_SPEC
REFERENCE_ANCHOR,width,0.17,0.1,0.88,0.40217846669459567,0.14692226847889417,0.1357513618888579,False,CD_OUT_OF_SPEC
REFERENCE_ANCHOR,width,0.17,0.1,0.9,0.39324116743471577,0.15129852344194394,0.11000868563562392,False,CD_OUT_OF_SPEC
REFERENCE_ANCHOR,width,0.17,0.1,0.92,0.3846924464035263,0.15537277029655125,0.08604252766734566,True,PASS
REFERENCE_ANCHOR,width,0.17,0.1,0.94,0.3765075007353662,0.15927364494456836,0.06309620620842148,True,PASS
REFERENCE_ANCHOR,width,0.17,0.1,0.96,0.3686635944700461,0.1630119831489189,0.04110598147694769,True,PASS
REFERENCE_ANCHOR,width,0.17,0.1,0.98,0.36113984764412677,0.16659773612043935,0.020013316938592134,True,PASS
REFERENCE_ANCHOR,width,0.17,0.1,1.0,0.35391705069124424,0.17003895714339545,0.00022915966703200317,True,PASS
REFERENCE_ANCHOR,width,0.17,0.1,1.02,0.3469775006776904,0.17333186770041453,0.019599221767144237,True,PASS
REFERENCE_ANCHOR,width,0.17,0.1,1.04,0.3403048564338887,0.1764976349316861,0.03822138195109465,True,PASS
REFERENCE_ANCHOR,width,0.17,0.1,1.06,0.33388401008607943,0.17954393924855588,0.05614081910915218,True,PASS
REFERENCE_ANCHOR,width,0.17,0.1,1.08,0.32770097286226313,0.18247741747963278,0.07339657340960451,True,PASS
REFERENCE_ANCHOR,width,0.17,0.1,1.1,0.3217427733556765,0.1853042237750197,0.09002484573540995,True,PASS
REFERENCE_ANCHOR,width,0.17,0.1,1.12,0.3159973666886109,0.18803007270271682,0.10605925119245181,False,CD_OUT_OF_SPEC
REFERENCE_ANCHOR,width,0.17,0.1,1.14,0.31045355323793355,0.19067912072679793,0.12164188662822306,False,CD_OUT_OF_SPEC
REFERENCE_ANCHOR,width,0.17,0.1,1.16,0.305100905768314,0.19329511163637264,0.13703006844925075,False,CD_OUT_OF_SPEC
REFERENCE_ANCHOR,width,0.17,0.1,1.18,0.2999297039756307,0.19582242488799598,0.15189661698821155,False,CD_OUT_OF_SPEC
REFERENCE_ANCHOR,width,0.17,0.1,1.2,0.29493087557603687,0.19826549436455823,0.16626761390916597,False,CD_OUT_OF_SPEC
REFERENCE_ANCHOR,width,0.17,0.15,0.8,0.4423963133640552,0.12319072093757882,0.27534870036718345,False,CD_OUT_OF_SPEC
REFERENCE_ANCHOR,width,0.17,0.15,0.82,0.43160615937956615,0.1294032272439951,0.2388045456235582,False,CD_OUT_OF_SPEC
REFERENCE_ANCHOR,width,0.17,0.15,0.84,0.42132982225148125,0.13493276627064166,0.20627784546681383,False,CD_OUT_OF_SPEC
REFERENCE_ANCHOR,width,0.17,0.15,0.86,0.41153145429214444,0.1401636918300433,0.17550769511739248,False,CD_OUT_OF_SPEC
REFERENCE_ANCHOR,width,0.17,0.15,0.88,0.40217846669459567,0.14515684804582035,0.1461361879657627,False,CD_OUT_OF_SPEC
REFERENCE_ANCHOR,width,0.17,0.15,0.9,0.39324116743471577,0.14992599493646078,0.11808238272670138,False,CD_OUT_OF_SPEC
REFERENCE_ANCHOR,width,0.17,0.15,0.92,0.3846924464035263,0.15432062565274499,0.0922316138073825,True,PASS
REFERENCE_ANCHOR,width,0.17,0.15,0.94,0.3765075007353662,0.15852361336469933,0.06750815667823928,True,PASS
REFERENCE_ANCHOR,width,0.17,0.15,0.96,0.3686635944700461,0.16255147658864083,0.043814843596230474,True,PASS
REFERENCE_ANCHOR,width,0.17,0.15,0.98,0.36113984764412677,0.1664149372320173,0.021088604517545323,True,PASS
REFERENCE_ANCHOR,width,0.17,0.15,1.0,0.35391705069124424,0.170122547751346,0.0007208691255646238,True,PASS
REFERENCE_ANCHOR,width,0.17,0.15,1.02,0.3469775006776904,0.1736697247383452,0.021586616107912796,True,PASS
REFERENCE_ANCHOR,width,0.17,0.15,1.04,0.3403048564338887,0.17708007718787322,0.04164751286984239,True,PASS
REFERENCE_ANCHOR,width,0.17,0.15,1.06,0.33388401008607943,0.18036173709213904,0.06095139465964134,True,PASS
REFERENCE_ANCHOR,width,0.17,0.15,1.08,0.32770097286226313,0.18352185403699584,0.07954031786468131,True,PASS
REFERENCE_ANCHOR,width,0.17,0.15,1.1,0.3217427733556765,0.1865670576383846,0.09745328022579171,True,PASS
REFERENCE_ANCHOR,width,0.17,0.15,1.12,0.3159973666886109,0.18950350396831822,0.11472649393128358,False,CD_OUT_OF_SPEC
REFERENCE_ANCHOR,width,0.17,0.15,1.14,0.31045355323793355,0.19240581627733644,0.13179891927844956,False,CD_OUT_OF_SPEC
REFERENCE_ANCHOR,width,0.17,0.15,1.16,0.305100905768314,0.1952233940157222,0.14837290597483635,False,CD_OUT_OF_SPEC
REFERENCE_ANCHOR,width,0.17,0.15,1.18,0.2999297039756307,0.19794546064433538,0.16438506261373745,False,CD_OUT_OF_SPEC
REFERENCE_ANCHOR,width,0.17,0.15,1.2,0.29493087557603687,0.20057679171865544,0.17986348069797312,False,CD_OUT_OF_SPEC
REFERENCE_ANCHOR,width,0.17,0.2,0.8,0.4423963133640552,0.11749492538481185,0.3088533800893421,False,CD_OUT_OF_SPEC
REFERENCE_ANCHOR,width,0.17,0.2,0.82,0.43160615937956615,0.12442243403462411,0.26810332920809354,False,CD_OUT_OF_SPEC
REFERENCE_ANCHOR,width,0.17,0.2,0.84,0.42132982225148125,0.13094546303889962,0.22973257035941408,False,CD_OUT_OF_SPEC
REFERENCE_ANCHOR,width,0.17,0.2,0.86,0.41153145429214444,0.13677707525561933,0.19542896908459223,False,CD_OUT_OF_SPEC
REFERENCE_ANCHOR,width,0.17,0.2,0.88,0.40217846669459567,0.14234361418976343,0.16268462241315632,False,CD_OUT_OF_SPEC
REFERENCE_ANCHOR,width,0.17,0.2,0.9,0.39324116743471577,0.14766275139350576,0.13139558003820145,False,CD_OUT_OF_SPEC
REFERENCE_ANCHOR,width,0.17,0.2,0.92,0.3846924464035263,0.15264512730569038,0.10208748643711547,False,CD_OUT_OF_SPEC
REFERENCE_ANCHOR,width,0.17,0.2,0.94,0.3765075007353662,0.15732954671893648,0.07453207812390313,True,PASS
REFERENCE_ANCHOR,width,0.17,0.2,0.96,0.3686635944700461,0.16181878198997096,0.0481248118237003,True,PASS
REFERENCE_ANCHOR,width,0.17,0.2,0.98,0.36113984764412677,0.16612478316829882,0.022795393127654086,True,PASS
REFERENCE_ANCHOR,width,0.17,0.2,1.0,0.35391705069124424,0.17025690755738324,0.001511220925783668,True,PASS
REFERENCE_ANCHOR,width,0.17,0.2,1.02,0.3469775006776904,0.1742089766604239,0.02475868623778756,True,PASS
REFERENCE_ANCHOR,width,0.17,0.2,1.04,0.3403048564338887,0.1780088852911299,0.047111089947822885,True,PASS
REFERENCE_ANCHOR,width,0.17,0.2,1.06,0.33388401008607943,0.18166540114333807,0.06862000672551796,True,PASS
REFERENCE_ANCHOR,width,0.17,0.2,1.08,0.32770097286226313,0.18518649048249655,0.08933229695586199,True,PASS
REFERENCE_ANCHOR,width,0.17,0.2,1.1,0.3217427733556765,0.18857954020931866,0.10929141299599206,False,CD_OUT_OF_SPEC
REFERENCE_ANCHOR,width,0.17,0.2,1.12,0.3159973666886109,0.19190522849850244,0.12885428528530843,False,CD_OUT_OF_SPEC
REFERENCE_ANCHOR,width,0.17,0.2,1.14,0.31045355323793355,0.1951557749548965,0.14797514679350873,False,CD_OUT_OF_SPEC
REFERENCE_ANCHOR,width,0.17,0.2,1.16,0.305100905768314,0.1982942336024578,0.16643666824975165,False,CD_OUT_OF_SPEC
REFERENCE_ANCHOR,width,0.17,0.2,1.18,0.2999297039756307,0.20132630382129105,0.184272375419359,False,CD_OUT_OF_SPEC
REFERENCE_ANCHOR,width,0.17,0.2,1.2,0.29493087557603687,0.2042573050328246,0.20151355901661525,False,CD_OUT_OF_SPEC
REFERENCE_ANCHOR,width,0.17,0.25,0.8,0.4423963133640552,0.10852903015576422,0.3615939402602105,False,CD_OUT_OF_SPEC
REFERENCE_ANCHOR,width,0.17,0.25,0.82,0.43160615937956615,0.11672434326759451,0.3133862160729735,False,CD_OUT_OF_SPEC
REFERENCE_ANCHOR,width,0.17,0.25,0.84,0.42132982225148125,0.12437462864800994,0.26838453736464746,False,CD_OUT_OF_SPEC
REFERENCE_ANCHOR,width,0.17,0.25,0.86,0.41153145429214444,0.13154602717877698,0.22619984012484137,False,CD_OUT_OF_SPEC
REFERENCE_ANCHOR,width,0.17,0.25,0.88,0.40217846669459567,0.13799840158451698,0.18824469656166487,False,CD_OUT_OF_SPEC
REFERENCE_ANCHOR,width,0.17,0.25,0.9,0.39324116743471577,0.1441640037944514,0.15197644826793297,False,CD_OUT_OF_SPEC
REFERENCE_ANCHOR,width,0.17,0.25,0.92,0.3846924464035263,0.1500591669870165,0.11729901772343247,False,CD_OUT_OF_SPEC
REFERENCE_ANCHOR,width,0.17,0.25,0.94,0.3765075007353662,0.1554868452884371,0.08537149830331128,True,PASS
REFERENCE_ANCHOR,width,0.17,0.25,0.96,0.3686635944700461,0.16068837032726951,0.05477429219253234,True,PASS
REFERENCE_ANCHOR,width,0.17,0.25,0.98,0.36113984764412677,0.16567758822168227,0.025425951637163186,True,PASS
REFERENCE_ANCHOR,width,0.17,0.25,1.0,0.35391705069124424,0.17046470083883553,0.002733534346091255,True,PASS
REFERENCE_ANCHOR,width,0.17,0.25,1.02,0.3469775006776904,0.17504157186619082,0.029656305095240046,True,PASS
REFERENCE_ANCHOR,width,0.17,0.25,1.04,0.3403048564338887,0.17944240939249778,0.05554358466175158,True,PASS
REFERENCE_ANCHOR,width,0.17,0.25,1.06,0.33388401008607943,0.1836771775781976,0.08045398575410344,True,PASS
REFERENCE_ANCHOR,width,0.17,0.25,1.08,0.32770097286226313,0.18775510249774663,0.1044417793985095,False,CD_OUT_OF_SPEC
REFERENCE_ANCHOR,width,0.17,0.25,1.1,0.3217427733556765,0.19173286166931525,0.12784036276067784,False,CD_OUT_OF_SPEC
REFERENCE_ANCHOR,width,0.17,0.25,1.12,0.3159973666886109,0.1956324217939031,0.15077895172884173,False,CD_OUT_OF_SPEC
REFERENCE_ANCHOR,width,0.17,0.25,1.14,0.31045355323793355,0.19939515524744167,0.17291267792612738,False,CD_OUT_OF_SPEC
REFERENCE_ANCHOR,width,0.17,0.25,1.16,0.305100905768314,0.2030281392715521,0.19428317218560057,False,CD_OUT_OF_SPEC
REFERENCE_ANCHOR,width,0.17,0.25,1.18,0.2999297039756307,0.2065379712948413,0.21492924291083113,False,CD_OUT_OF_SPEC
REFERENCE_ANCHOR,width,0.17,0.25,1.2,0.29493087557603687,0.20995674771363965,0.2350396924331743,False,CD_OUT_OF_SPEC
REFERENCE_ANCHOR,width,0.17,0.3,0.8,0.4423963133640552,0.09296119661298577,0.453169431688319,False,CD_OUT_OF_SPEC
REFERENCE_ANCHOR,width,0.17,0.3,0.82,0.43160615937956615,0.10396474701445574,0.38844266462084864,False,CD_OUT_OF_SPEC
REFERENCE_ANCHOR,width,0.17,0.3,0.84,0.42132982225148125,0.11394013025019917,0.32976393970471085,False,CD_OUT_OF_SPEC
REFERENCE_ANCHOR,width,0.17,0.3,0.86,0.41153145429214444,0.12281037305415274,0.2775860408579251,False,CD_OUT_OF_SPEC
REFERENCE_ANCHOR,width,0.17,0.3,0.88,0.40217846669459567,0.13118085877990981,0.2283478895299423,False,CD_OUT_OF_SPEC
REFERENCE_ANCHOR,width,0.17,0.3,0.9,0.39324116743471577,0.13867418171977636,0.18426951929543325,False,CD_OUT_OF_SPEC
REFERENCE_ANCHOR,width,0.17,0.3,0.92,0.3846924464035263,0.14584170801009694,0.14210759994060632,False,CD_OUT_OF_SPEC
REFERENCE_ANCHOR,width,0.17,0.3,0.94,0.3765075007353662,0.15259733440555923,0.10236862114376932,False,CD_OUT_OF_SPEC
REFERENCE_ANCHOR,width,0.17,0.3,0.96,0.3686635944700461,0.15891492721834843,0.0652063104803034,True,PASS
REFERENCE_ANCHOR,width,0.17,0.3,0.98,0.36113984764412677,0.16497465909999454,0.029560828823561622,True,PASS
REFERENCE_ANCHOR,width,0.17,0.3,1.0,0.35391705069124424,0.1707873448842533,0.004631440495607512,True,PASS
REFERENCE_ANCHOR,width,0.17,0.3,1.02,0.3469775006776904,0.17634222700354676,0.03730721766792207,True,PASS
REFERENCE_ANCHOR,width,0.17,0.3,1.04,0.3403048564338887,0.18168345981054793,0.0687262341796936,True,PASS
REFERENCE_ANCHOR,width,0.17,0.3,1.06,0.33388401008607943,0.1868231366625731,0.09895962742690055,True,PASS
REFERENCE_ANCHOR,width,0.17,0.3,1.08,0.32770097286226313,0.1918218813089077,0.128364007699457,False,CD_OUT_OF_SPEC
REFERENCE_ANCHOR,width,0.17,0.3,1.1,0.3217427733556765,0.19672603021909219,0.15721194246524806,False,CD_OUT_OF_SPEC
REFERENCE_ANCHOR,width,0.17,0.3,1.12,0.3159973666886109,0.2014550309539102,0.18502959384653056,False,CD_OUT_OF_SPEC
REFERENCE_ANCHOR,width,0.17,0.3,1.14,0.31045355323793355,0.2060181018383772,0.21187118728457174,False,CD_OUT_OF_SPEC
REFERENCE_ANCHOR,width,0.17,0.3,1.16,0.305100905768314,0.2104725294114086,0.23807370242005046,False,CD_OUT_OF_SPEC
REFERENCE_ANCHOR,width,0.17,0.3,1.18,0.2999297039756307,0.21498822733819034,0.26463663140111954,False,CD_OUT_OF_SPEC
REFERENCE_ANCHOR,width,0.17,0.3,1.2,0.29493087557603687,0.21937657999735344,0.2904504705726672,False,CD_OUT_OF_SPEC
REFERENCE_ANCHOR,width,0.17,0.35,0.8,0.4423963133640552,0.06081010363610559,0.6422935080229083,False,CD_OUT_OF_SPEC
REFERENCE_ANCHOR,width,0.17,0.35,0.82,0.43160615937956615,0.07976765520773951,0.5307784987780029,False,CD_OUT_OF_SPEC
REFERENCE_ANCHOR,width,0.17,0.35,0.84,0.42132982225148125,0.09495119937513297,0.4414635330874532,False,CD_OUT_OF_SPEC
REFERENCE_ANCHOR,width,0.17,0.35,0.86,0.41153145429214444,0.1078952334473408,0.365322156192113,False,CD_OUT_OF_SPEC
REFERENCE_ANCHOR,width,0.17,0.35,0.88,0.40217846669459567,0.11907876376025817,0.2995366837631873,False,CD_OUT_OF_SPEC
REFERENCE_ANCHOR,width,0.17,0.35,0.9,0.39324116743471577,0.12952563435081405,0.23808450381874097,False,CD_OUT_OF_SPEC
REFERENCE_ANCHOR,width,0.17,0.35,0.92,0.3846924464035263,0.13884690120550702,0.18325352232054698,False,CD_OUT_OF_SPEC
REFERENCE_ANCHOR,width,0.17,0.35,0.94,0.3765075007353662,0.14772148025696039,0.1310501161355272,False,CD_OUT_OF_SPEC
REFERENCE_ANCHOR,width,0.17,0.35,0.96,0.3686635944700461,0.15597272375513194,0.08251338967569456,True,PASS
REFERENCE_ANCHOR,width,0.17,0.35,0.98,0.36113984764412677,0.16380090080703802,0.03646528937036466,True,PASS
REFERENCE_ANCHOR,width,0.17,0.35,1.0,0.35391705069124424,0.1713065636490982,0.0076856685241069094,True,PASS
REFERENCE_ANCHOR,width,0.17,0.35,1.02,0.3469775006776904,0.17847384643651554,0.04984615550891485,True,PASS
REFERENCE_ANCHOR,width,0.17,0.35,1.04,0.3403048564338887,0.18536546450134161,0.09038508530200942,True,PASS
REFERENCE_ANCHOR,width,0.17,0.35,1.06,0.33388401008607943,0.19205043473644723,0.12970843962616008,False,CD_OUT_OF_SPEC
REFERENCE_ANCHOR,width,0.17,0.35,1.08,0.32770097286226313,0.1986077256428065,0.1682807390753322,False,CD_OUT_OF_SPEC
REFERENCE_ANCHOR,width,0.17,0.35,1.1,0.3217427733556765,0.2049265696071062,0.2054504094535658,False,CD_OUT_OF_SPEC
REFERENCE_ANCHOR,width,0.17,0.35,1.12,0.3159973666886109,0.21109652532457263,0.241744266615133,False,CD_OUT_OF_SPEC
REFERENCE_ANCHOR,width,0.17,0.35,1.14,0.31045355323793355,0.21734235072432873,0.278484416025463,False,CD_OUT_OF_SPEC
REFERENCE_ANCHOR,width,0.17,0.35,1.16,0.305100905768314,0.22338718048518122,0.3140422381481247,False,CD_OUT_OF_SPEC
REFERENCE_ANCHOR,width,0.17,0.35,1.18,0.2999297039756307,0.2292950891345598,0.34879464196799864,False,CD_OUT_OF_SPEC
REFERENCE_ANCHOR,width,0.17,0.35,1.2,0.29493087557603687,0.23539816188525256,0.38469506991325025,False,CD_OUT_OF_SPEC
REFERENCE_ANCHOR,width,0.17,0.4,0.8,0.4423963133640552,nan,,False,MISSING_FEATURE
REFERENCE_ANCHOR,width,0.17,0.4,0.82,0.43160615937956615,nan,,False,MISSING_FEATURE
REFERENCE_ANCHOR,width,0.17,0.4,0.84,0.42132982225148125,0.04732171251639885,0.7216369851976538,False,CD_OUT_OF_SPEC
REFERENCE_ANCHOR,width,0.17,0.4,0.86,0.41153145429214444,0.0749964509487846,0.5588444061836201,False,CD_OUT_OF_SPEC
REFERENCE_ANCHOR,width,0.17,0.4,0.88,0.40217846669459567,0.09489412131369074,0.4417992863900545,False,CD_OUT_OF_SPEC
REFERENCE_ANCHOR,width,0.17,0.4,0.9,0.39324116743471577,0.11137380319979737,0.3448599811776626,False,CD_OUT_OF_SPEC
REFERENCE_ANCHOR,width,0.17,0.4,0.92,0.3846924464035263,0.12564619633872132,0.26090472741928644,False,CD_OUT_OF_SPEC
REFERENCE_ANCHOR,width,0.17,0.4,0.94,0.3765075007353662,0.1385255525996939,0.18514380823709475,False,CD_OUT_OF_SPEC
REFERENCE_ANCHOR,width,0.17,0.4,0.96,0.3686635944700461,0.15052969604453725,0.11453119973801622,False,CD_OUT_OF_SPEC
REFERENCE_ANCHOR,width,0.17,0.4,0.98,0.36113984764412677,0.161606144595456,0.049375620026729496,True,PASS
REFERENCE_ANCHOR,width,0.17,0.4,1.0,0.35391705069124424,0.17220868393399194,0.012992258435246637,True,PASS
REFERENCE_ANCHOR,width,0.17,0.4,1.02,0.3469775006776904,0.18231917597825445,0.07246574104855551,True,PASS
REFERENCE_ANCHOR,width,0.17,0.4,1.04,0.3403048564338887,0.19209093542646144,0.12994667897918485,False,CD_OUT_OF_SPEC
REFERENCE_ANCHOR,width,0.17,0.4,1.06,0.33388401008607943,0.2016715598878275,0.18630329345780877,False,CD_OUT_OF_SPEC
REFERENCE_ANCHOR,width,0.17,0.4,1.08,0.32770097286226313,0.21098143983331352,0.2410672931371383,False,CD_OUT_OF_SPEC
REFERENCE_ANCHOR,width,0.17,0.4,1.1,0.3217427733556765,0.22038467138842724,0.2963804199319248,False,CD_OUT_OF_SPEC
REFERENCE_ANCHOR,width,0.17,0.4,1.12,0.3159973666886109,0.22960799902870355,0.35063528840413843,False,CD_OUT_OF_SPEC
REFERENCE_ANCHOR,width,0.17,0.4,1.14,0.31045355323793355,0.23912466385267972,0.4066156697216453,False,CD_OUT_OF_SPEC
REFERENCE_ANCHOR,width,0.17,0.4,1.16,0.305100905768314,0.24870682284344708,0.4629813108438063,False,CD_OUT_OF_SPEC
REFERENCE_ANCHOR,width,0.17,0.4,1.18,0.2999297039756307,0.25877034729079107,0.5221785134752415,False,CD_OUT_OF_SPEC
REFERENCE_ANCHOR,width,0.17,0.4,1.2,0.29493087557603687,0.269500681899935,0.5852981288231468,False,CD_OUT_OF_SPEC
