candidate_id,feature,target_cd_um,focus_um,relative_dose,effective_threshold,measured_cd_um,cd_error_fraction,passed,status
WIDTH_0001,width,0.17,-0.4,0.8,0.4549763033175355,nan,,False,MISSING_FEATURE
WIDTH_0001,width,0.17,-0.4,0.82,0.4438793203097908,nan,,False,MISSING_FEATURE
WIDTH_0001,width,0.17,-0.4,0.84,0.4333107650643196,nan,,False,MISSING_FEATURE
WIDTH_0001,width,0.17,-0.4,0.86,0.42323377052794003,nan,,False,MISSING_FEATURE
WIDTH_0001,width,0.17,-0.4,0.88,0.41361482119775955,nan,,False,MISSING_FEATURE
WIDTH_0001,width,0.17,-0.4,0.9,0.40442338072669826,nan,,False,MISSING_FEATURE
WIDTH_0001,width,0.17,-0.4,0.92,0.3956315681022048,nan,,False,MISSING_FEATURE
WIDTH_0001,width,0.17,-0.4,0.94,0.3872138751638601,nan,,False,MISSING_FEATURE
WIDTH_0001,width,0.17,-0.4,0.96,0.3791469194312796,nan,,False,MISSING_FEATURE
WIDTH_0001,width,0.17,-0.4,0.98,0.3714092271979882,nan,,False,MISSING_FEATURE
WIDTH_0001,width,0.17,-0.4,1.0,0.3639810426540284,nan,,False,MISSING_FEATURE
WIDTH_0001,width,0.17,-0.4,1.02,0.35684415946473375,nan,,False,MISSING_FEATURE
WIDTH_0001,width,0.17,-0.4,1.04,0.34998177178271966,nan,,False,MISSING_FEATURE
WIDTH_0001,width,0.17,-0.4,1.06,0.34337834212644186,nan,,False,MISSING_FEATURE
WIDTH_0001,width,0.17,-0.4,1.08,0.3370194839389152,nan,,False,MISSING_FEATURE
WIDTH_0001,width,0.17,-0.4,1.1,0.3308918569582076,nan,,False,MISSING_FEATURE
WIDTH_0001,width,0.17,-0.4,1.12,0.32498307379823965,nan,,False,MISSING_FEATURE
WIDTH_0001,width,0.17,-0.4,1.14,0.31928161636318286,nan,,False,MISSING_FEATURE
WIDTH_0001,width,0.17,-0.4,1.16,0.3137767609086452,nan,,False,MISSING_FEATURE
WIDTH_0001,width,0.17,-0.4,1.18,0.3084585107237529,nan,,False,MISSING_FEATURE
WIDTH_0001,width,0.17,-0.4,1.2,0.3033175355450237,nan,,False,MISSING_FEATURE
WIDTH_0001,width,0.17,-0.35,0.8,0.4549763033175355,nan,,False,MISSING_FEATURE
WIDTH_0001,width,0.17,-0.35,0.82,0.4438793203097908,nan,,False,MISSING_FEATURE
WIDTH_0001,width,0.17,-0.35,0.84,0.4333107650643196,nan,,False,MISSING_FEATURE
WIDTH_0001,width,0.17,-0.35,0.86,0.42323377052794003,nan,,False,MISSING_FEATURE
WIDTH_0001,width,0.17,-0.35,0.88,0.41361482119775955,nan,,False,MISSING_FEATURE
WIDTH_0001,width,0.17,-0.35,0.9,0.40442338072669826,nan,,False,MISSING_FEATURE
WIDTH_0001,width,0.17,-0.35,0.92,0.3956315681022048,nan,,False,MISSING_FEATURE
WIDTH_0001,width,0.17,-0.35,0.94,0.3872138751638601,nan,,False,MISSING_FEATURE
WIDTH_0001,width,0.17,-0.35,0.96,0.3791469194312796,nan,,False,MISSING_FEATURE
WIDTH_0001,width,0.17,-0.35,0.98,0.3714092271979882,nan,,False,MISSING_FEATURE
WIDTH_0001,width,0.17,-0.35,1.0,0.3639810426540284,nan,,False,MISSING_FEATURE
WIDTH_0001,width,0.17,-0.35,1.02,0.35684415946473375,nan,,False,MISSING_FEATURE
WIDTH_0001,width,0.17,-0.35,1.04,0.34998177178271966,nan,,False,MISSING_FEATURE
WIDTH_0001,width,0.17,-0.35,1.06,0.34337834212644186,nan,,False,MISSING_FEATURE
WIDTH_0001,width,0.17,-0.35,1.08,0.3370194839389152,nan,,False,MISSING_FEATURE
WIDTH_0001,width,0.17,-0.35,1.1,0.3308918569582076,nan,,False,MISSING_FEATURE
WIDTH_0001,width,0.17,-0.35,1.12,0.32498307379823965,nan,,False,MISSING_FEATURE
WIDTH_0001,width,0.17,-0.35,1.14,0.31928161636318286,nan,,False,MISSING_FEATURE
WIDTH_0001,width,0.17,-0.35,1.16,0.3137767609086452,nan,,False,MISSING_FEATURE
WIDTH_0001,width,0.17,-0.35,1.18,0.3084585107237529,nan,,False,MISSING_FEATURE
WIDTH_0001,width,0.17,-0.35,1.2,0.3033175355450237,nan,,False,MISSING_FEATURE
WIDTH_0001,width,0.17,-0.3,0.8,0.4549763033175355,nan,,False,MISSING_FEATURE
WIDTH_0001,width,0.17,-0.3,0.82,0.4438793203097908,nan,,False,MISSING_FEATURE
WIDTH_0001,width,0.17,-0.3,0.84,0.4333107650643196,nan,,False,MISSING_FEATURE
WIDTH_0001,width,0.17,-0.3,0.86,0.42323377052794003,nan,,False,MISSING_FEATURE
WIDTH_0001,width,0.17,-0.3,0.88,0.41361482119775955,nan,,False,MISSING_FEATURE
WIDTH_0001,width,0.17,-0.3,0.9,0.40442338072669826,nan,,False,MISSING_FEATURE
WIDTH_0001,width,0.17,-0.3,0.92,0.3956315681022048,nan,,False,MISSING_FEATURE
WIDTH_0001,width,0.17,-0.3,0.94,0.3872138751638601,nan,,False,MISSING_FEATURE
WIDTH_0001,width,0.17,-0.3,0.96,0.3791469194312796,nan,,False,MISSING_FEATURE
WIDTH_0001,width,0.17,-0.3,0.98,0.3714092271979882,nan,,False,MISSING_FEATURE
WIDTH_0001,width,0.17,-0.3,1.0,0.3639810426540284,nan,,False,MISSING_FEATURE
WIDTH_0001,width,0.17,-0.3,1.02,0.35684415946473375,nan,,False,MISSING_FEATURE
WIDTH_0001,width,0.17,-0.3,1.04,0.34998177178271966,nan,,False,MISSING_FEATURE
WIDTH_0001,width,0.17,-0.3,1.06,0.34337834212644186,nan,,False,MISSING_FEATURE
WIDTH_0001,width,0.17,-0.3,1.08,0.3370194839389152,nan,,False,MISSING_FEATURE
WIDTH_0001,width,0.17,-0.3,1.1,0.3308918569582076,nan,,False,MISSING_FEATURE
WIDTH_0001,width,0.17,-0.3,1.12,0.32498307379823965,nan,,False,MISSING_FEATURE
WIDTH_0001,width,0.17,-0.3,1.14,0.31928161636318286,nan,,False,MISSING_FEATURE
WIDTH_0001,width,0.17,-0.3,1.16,0.3137767609086452,nan,,False,MISSING_FEATURE
WIDTH_0001,width,0.17,-0.3,1.18,0.3084585107237529,nan,,False,MISSING_FEATURE
WIDTH_0001,width,0.17,-0.3,1.2,0.3033175355450237,nan,,False,MISSING_FEATURE
WIDTH_0001,width,0.17,-0.25,0.8,0.4549763033175355,nan,,False,MISSING_FEATURE
WIDTH_0001,width,0.17,-0.25,0.82,0.4438793203097908,nan,,False,MISSING_FEATURE
WIDTH_0001,width,0.17,-0.25,0.84,0.4333107650643196,nan,,False,MISSING_FEATURE
WIDTH_0001,width,0.17,-0.25,0.86,0.42323377052794003,nan,,False,MISSING_FEATURE
WIDTH_0001,width,0.17,-0.25,0.88,0.41361482119775955,nan,,False,MISSING_FEATURE
WIDTH_0001,width,0.17,-0.25,0.9,0.40442338072669826,nan,,False,MISSING_FEATURE
WIDTH_0001,width,0.17,-0.25,0.92,0.3956315681022048,nan,,False,MISSING_FEATURE
WIDTH_0001,width,0.17,-0.25,0.94,0.3872138751638601,nan,,False,MISSING_FEATURE
WIDTH_0001,width,0.17,-0.25,0.96,0.3791469194312796,nan,,False,MISSING_FEATURE
WIDTH_0001,width,0.17,-0.25,0.98,0.3714092271979882,nan,,False,MISSING_FEATURE
WIDTH_0001,width,0.17,-0.25,1.0,0.3639810426540284,nan,,False,MISSING_FEATURE
WIDTH_0001,width,0.17,-0.25,1.02,0.35684415946473375,nan,,False,MISSING_FEATURE
WIDTH_0001,width,0.17,-0.25,1.04,0.34998177178271966,nan,,False,MISSING_FEATURE
WIDTH_0001,width,0.17,-0.25,1.06,0.34337834212644186,nan,,False,MISSING_FEATURE
WIDTH_0001,width,0.17,-0.25,1.08,0.3370194839389152,nan,,False,MISSING_FEATURE
WIDTH_0001,width,0.17,-0.25,1.1,0.3308918569582076,nan,,False,MISSING_FEATURE
WIDTH_0001,width,0.17,-0.25,1.12,0.32498307379823965,nan,,False,MISSING_FEATURE
WIDTH_0001,width,0.17,-0.25,1.14,0.31928161636318286,nan,,False,MISSING_FEATURE
WIDTH_0001,width,0.17,-0.25,1.16,0.3137767609086452,nan,,False,MISSING_FEATURE
WIDTH_0001,width,0.17,-0.25,1.18,0.3084585107237529,nan,,False,MISSING_FEATURE
WIDTH_0001,width,0.17,-0.25,1.2,0.3033175355450237,nan,,False,MISSING_FEATURE
WIDTH_0001,width,0.17,-0.2,0.8,0.4549763033175355,nan,,False,MISSING_FEATURE
WIDTH_0001,width,0.17,-0.2,0.82,0.4438793203097908,nan,,False,MISSING_FEATURE
WIDTH_0001,width,0.17,-0.2,0.84,0.4333107650643196,nan,,False,MISSING_FEATURE
WIDTH_0001,width,0.17,-0.2,0.86,0.42323377052794003,nan,,False,MISSING_FEATURE
WIDTH_0001,width,0.17,-0.2,0.88,0.41361482119775955,nan,,False,MISSING_FEATURE
WIDTH_0001,width,0.17,-0.2,0.9,0.40442338072669826,nan,,False,MISSING_FEATURE
WIDTH_0001,width,0.17,-0.2,0.92,0.3956315681022048,nan,,False,MISSING_FEATURE
WIDTH_0001,width,0.17,-0.2,0.94,0.3872138751638601,nan,,False,MISSING_FEATURE
WIDTH_0001,width,0.17,-0.2,0.96,0.3791469194312796,nan,,False,MISSING_FEATURE
WIDTH_0001,width,0.17,-0.2,0.98,0.3714092271979882,nan,,False,MISSING_FEATURE
WIDTH_0001,width,0.17,-0.2,1.0,0.3639810426540284,nan,,False,MISSING_FEATURE
WIDTH_0001,width,0.17,-0.2,1.02,0.35684415946473375,nan,,False,MISSING_FEATURE
WIDTH_0001,width,0.17,-0.2,1.04,0.34998177178271966,nan,,False,MISSING_FEATURE
WIDTH_0001,width,0.17,-0.2,1.06,0.34337834212644186,nan,,False,MISSING_FEATURE
WIDTH_0001,width,0.17,-0.2,1.08,0.3370194839389152,nan,,False,MISSING_FEATURE
WIDTH_0001,width,0.17,-0.2,1.1,0.3308918569582076,nan,,False,MISSING_FEATURE
WIDTH_0001,width,0.17,-0.2,1.12,0.32498307379823965,nan,,False,MISSING_FEATURE
WIDTH_0001,width,0.17,-0.2,1.14,0.31928161636318286,nan,,False,MISSING_FEATURE
WIDTH_0001,width,0.17,-0.2,1.16,0.3137767609086452,nan,,False,MISSING_FEATURE
WIDTH_0001,width,0.17,-0.2,1.18,0.3084585107237529,nan,,False,MISSING_FEATURE
WIDTH_0001,width,0.17,-0.2,1.2,0.3033175355450237,nan,,False,MISSING_FEATURE
WIDTH_0001,width,0.17,-0.15,0.8,0.4549763033175355,nan,,False,MISSING_FEATURE
WIDTH_0001,width,0.17,-0.15,0.82,0.4438793203097908,nan,,False,MISSING_FEATURE
WIDTH_0001,width,0.17,-0.15,0.84,0.4333107650643196,nan,,False,MISSING_FEATURE
WIDTH_0001,width,0.17,-0.15,0.86,0.42323377052794003,nan,,False,MISSING_FEATURE
WIDTH_0001,width,0.17,-0.15,0.88,0.41361482119775955,nan,,False,MISSING_FEATURE
WIDTH_0001,width,0.17,-0.15,0.9,0.40442338072669826,nan,,False,MISSING_FEATURE
WIDTH_0001,width,0.17,-0.15,0.92,0.3956315681022048,nan,,False,MISSING_FEATURE
WIDTH_0001,width,0.17,-0.15,0.94,0.3872138751638601,nan,,False,MISSING_FEATURE
WIDTH_0001,width,0.17,-0.15,0.96,0.3791469194312796,nan,,False,MISSING_FEATURE
WIDTH_0001,width,0.17,-0.15,0.98,0.3714092271979882,nan,,False,MISSING_FEATURE
WIDTH_0001,width,0.17,-0.15,1.0,0.3639810426540284,nan,,False,MISSING_FEATURE
WIDTH_0001,width,0.17,-0.15,1.02,0.35684415946473375,nan,,False,MISSING_FEATURE
WIDTH_0001,width,0.17,-0.15,1.04,0.34998177178271966,nan,,False,MISSING_FEATURE
WIDTH_0001,width,0.17,-0.15,1.06,0.34337834212644186,nan,,False,MISSING_FEATURE
WIDTH_0001,width,0.17,-0.15,1.08,0.3370194839389152,nan,,False,MISSING_FEATURE
WIDTH_0001,width,0.17,-0.15,1.1,0.3308918569582076,nan,,False,MISSING_FEATURE
WIDTH_0001,width,0.17,-0.15,1.12,0.32498307379823965,nan,,False,MISSING_FEATURE
WIDTH_0001,width,0.17,-0.15,1.14,0.31928161636318286,nan,,False,MISSING_FEATURE
WIDTH_0001,width,0.17,-0.15,1.16,0.3137767609086452,nan,,False,MISSING_FEATURE
WIDTH_0001,width,0.17,-0.15,1.18,0.3084585107237529,nan,,False,MISSING_FEATURE
WIDTH_0001,width,0.17,-0.15,1.2,0.3033175355450237,nan,,False,MISSING_FEATURE
WIDTH_0001,width,0.17,-0.1,0.8,0.4549763033175355,nan,,False,MISSING_FEATURE
WIDTH_0001,width,0.17,-0.1,0.82,0.4438793203097908,nan,,False,MISSING_FEATURE
WIDTH_0001,width,0.17,-0.1,0.84,0.4333107650643196,nan,,False,MISSING_FEATURE
WIDTH_0001,width,0.17,-0.1,0.86,0.42323377052794003,nan,,False,MISSING_FEATURE
WIDTH_0001,width,0.17,-0.1,0.88,0.41361482119775955,nan,,False,MISSING_FEATURE
WIDTH_0001,width,0.17,-0.1,0.9,0.40442338072669826,nan,,False,MISSING_FEATURE
WIDTH_0001,width,0.17,-0.1,0.92,0.3956315681022048,nan,,False,MISSING_FEATURE
WIDTH_0001,width,0.17,-0.1,0.94,0.3872138751638601,nan,,False,MISSING_FEATURE
WIDTH_0001,width,0.17,-0.1,0.96,0.3791469194312796,nan,,False,MISSING_FEATURE
WIDTH_0001,width,0.17,-0.1,0.98,0.3714092271979882,nan,,False,MISSING_FEATURE
WIDTH_0001,width,0.17,-0.1,1.0,0.3639810426540284,nan,,False,MISSING_FEATURE
WIDTH_0001,width,0.17,-0.1,1.02,0.35684415946473375,nan,,False,MISSING_FEATURE
WIDTH_0001,width,0.17,-0.1,1.04,0.34998177178271966,nan,,False,MISSING_FEATURE
WIDTH_0001,width,0.17,-0.1,1.06,0.34337834212644186,nan,,False,MISSING_FEATURE
WIDTH_0001,width,0.17,-0.1,1.08,0.3370194839389152,nan,,False,MISSING_FEATURE
WIDTH_0001,width,0.17,-0.1,1.1,0.3308918569582076,nan,,False,MISSING_FEATURE
WIDTH_0001,width,0.17,-0.1,1.12,0.32498307379823965,nan,,False,MISSING_FEATURE
WIDTH_0001,width,0.17,-0.1,1.14,0.31928161636318286,nan,,False,MISSING_FEATURE
WIDTH_0001,width,0.17,-0.1,1.16,0.3137767609086452,nan,,False,MISSING_FEATURE
WIDTH_0001,width,0.17,-0.1,1.18,0.3084585107237529,nan,,False,MISSING_FEATURE
WIDTH_0001,width,0.17,-0.1,1.2,0.3033175355450237,nan,,False,MISSING_FEATURE
WIDTH_0001,width,0.17,-0.05,0.8,0.4549763033175355,nan,,False,MISSING_FEATURE
WIDTH_0001,width,0.17,-0.05,0.82,0.4438793203097908,nan,,False,MISSING_FEATURE
WIDTH_0001,width,0.17,-0.05,0.84,0.4333107650643196,nan,,False,MISSING_FEATURE
WIDTH_0001,width,0.17,-0.05,0.86,0.42323377052794003,nan,,False,MISSING_FEATURE
WIDTH_0001,width,0.17,-0.05,0.88,0.41361482119775955,nan,,False,MISSING_FEATURE
WIDTH_0001,width,0.17,-0.05,0.9,0.40442338072669826,nan,,False,MISSING_FEATURE
WIDTH_0001,width,0.17,-0.05,0.92,0.3956315681022048,nan,,False,MISSING_FEATURE
WIDTH_0001,width,0.17,-0.05,0.94,0.3872138751638601,nan,,False,MISSING_FEATURE
WIDTH_0001,width,0.17,-0.05,0.96,0.3791469194312796,nan,,False,MISSING_FEATURE
WIDTH_0001,width,0.17,-0.05,0.98,0.3714092271979882,nan,,False,MISSING_FEATURE
WIDTH_0001,width,0.17,-0.05,1.0,0.3639810426540284,nan,,False,MISSING_FEATURE
WIDTH_0001,width,0.17,-0.05,1.02,0.35684415946473375,nan,,False,MISSING_FEATURE
WIDTH_0001,width,0.17,-0.05,1.04,0.34998177178271966,nan,,False,MISSING_FEATURE
WIDTH_0001,width,0.17,-0.05,1.06,0.34337834212644186,nan,,False,MISSING_FEATURE
WIDTH_0001,width,0.17,-0.05,1.08,0.3370194839389152,nan,,False,MISSING_FEATURE
WIDTH_0001,width,0.17,-0.05,1.1,0.3308918569582076,nan,,False,MISSING_FEATURE
WIDTH_0001,width,0.17,-0.05,1.12,0.32498307379823965,nan,,False,MISSING_FEATURE
WIDTH_0001,width,0.17,-0.05,1.14,0.31928161636318286,nan,,False,MISSING_FEATURE
WIDTH_0001,width,0.17,-0.05,1.16,0.3137767609086452,nan,,False,MISSING_FEATURE
WIDTH_0001,width,0.17,-0.05,1.18,0.3084585107237529,nan,,False,MISSING_FEATURE
WIDTH_0001,width,0.17,-0.05,1.2,0.3033175355450237,nan,,False,MISSING_FEATURE
WIDTH_0001,width,0.17,0.0,0.8,0.4549763033175355,nan,,False,MISSING_FEATURE
WIDTH_0001,width,0.17,0.0,0.82,0.4438793203097908,nan,,False,MISSING_FEATURE
WIDTH_0001,width,0.17,0.0,0.84,0.4333107650643196,nan,,False,MISSING_FEATURE
WIDTH_0001,width,0.17,0.0,0.86,0.42323377052794003,nan,,False,MISSING_FEATURE
WIDTH_0001,width,0.17,0.0,0.88,0.41361482119775955,nan,,False,MISSING_FEATURE
WIDTH_0001,width,0.17,0.0,0.9,0.40442338072669826,nan,,False,MISSING_FEATURE
WIDTH_0001,width,0.17,0.0,0.92,0.3956315681022048,nan,,False,MISSING_FEATURE
WIDTH_0001,width,0.17,0.0,0.94,0.3872138751638601,nan,,False,MISSING_FEATURE
WIDTH_0001,width,0.17,0.0,0.96,0.3791469194312796,nan,,False,MISSING_FEATURE
WIDTH_0001,width,0.17,0.0,0.98,0.3714092271979882,nan,,False,MISSING_FEATURE
WIDTH_0001,width,0.17,0.0,1.0,0.3639810426540284,nan,,False,MISSING_FEATURE
WIDTH_0001,width,0.17,0.0,1.02,0.35684415946473375,nan,,False,MISSING_FEATURE
WIDTH_0001,width,0.17,0.0,1.04,0.34998177178271966,nan,,False,MISSING_FEATURE
WIDTH_0001,width,0.17,0.0,1.06,0.34337834212644186,nan,,False,MISSING_FEATURE
WIDTH_0001,width,0.17,0.0,1.08,0.3370194839389152,nan,,False,MISSING_FEATURE
WIDTH_0001,width,0.17,0.0,1.1,0.3308918569582076,nan,,False,MISSING_FEATURE
WIDTH_0001,width,0.17,0.0,1.12,0.32498307379823965,nan,,False,MISSING_FEATURE
WIDTH_0001,width,0.17,0.0,1.14,0.31928161636318286,nan,,False,MISSING_FEATURE
WIDTH_0001,width,0.17,0.0,1.16,0.3137767609086452,nan,,False,MISSING_FEATURE
WIDTH_0001,width,0.17,0.0,1.18,0.3084585107237529,nan,,False,MISSING_FEATURE
WIDTH_0001,width,0.17,0.0,1.2,0.3033175355450237,nan,,False,MISSING_FEATURE
WIDTH_0001,width,0.17,0.05,0.8,0.4549763033175355,nan,,False,MISSING_FEATURE
WIDTH_0001,width,0.17,0.05,0.82,0.4438793203097908,nan,,False,MISSING_FEATURE
WIDTH_0001,width,0.17,0.05,0.84,0.4333107650643196,nan,,False,MISSING_FEATURE
WIDTH_0001,width,0.17,0.05,0.86,0.42323377052794003,nan,,False,MISSING_FEATURE
WIDTH_0001,width,0.17,0.05,0.88,0.41361482119775955,nan,,False,MISSING_FEATURE
WIDTH_0001,width,0.17,0.05,0.9,0.40442338072669826,nan,,False,MISSING_FEATURE
WIDTH_0001,width,0.17,0.05,0.92,0.3956315681022048,nan,,False,MISSING_FEATURE
WIDTH_0001,width,0.17,0.05,0.94,0.3872138751638601,nan,,False,MISSING_FEATURE
WIDTH_0001,width,0.17,0.05,0.96,0.3791469194312796,nan,,False,MISSING_FEATURE
WIDTH_0001,width,0.17,0.05,0.98,0.3714092271979882,nan,,False,MISSING_FEATURE
WIDTH_0001,width,0.17,0.05,1.0,0.3639810426540284,nan,,False,MISSING_FEATURE
WIDTH_0001,width,0.17,0.05,1.02,0.35684415946473375,nan,,False,MISSING_FEATURE
WIDTH_0001,width,0.17,0.05,1.04,0.34998177178271966,nan,,False,MISSING_FEATURE
WIDTH_0001,width,0.17,0.05,1.06,0.34337834212644186,nan,,False,MISSING_FEATURE
WIDTH_0001,width,0.17,0.05,1.08,0.3370194839389152,nan,,False,MISSING_FEATURE
WIDTH_0001,width,0.17,0.05,1.1,0.3308918569582076,nan,,False,MISSING_FEATURE
WIDTH_0001,width,0.17,0.05,1.12,0.32498307379823965,nan,,False,MISSING_FEATURE
WIDTH_0001,width,0.17,0.05,1.14,0.31928161636318286,nan,,False,MISSING_FEATURE
WIDTH_0001,width,0.17,0.05,1.16,0.3137767609086452,nan,,False,MISSING_FEATURE
WIDTH_0001,width,0.17,0.05,1.18,0.3084585107237529,nan,,False,MISSING_FEATURE
WIDTH_0001,width,0.17,0.05,1.2,0.3033175355450237,nan,,False,MISSING_FEATURE
WIDTH_0001,width,0.17,0.1,0.8,0.4549763033175355,nan,,False,MISSING_FEATURE
WIDTH_0001,width,0.17,0.1,0.82,0.4438793203097908,nan,,False,MISSING_FEATURE
WIDTH_0001,width,0.17,0.1,0.84,0.4333107650643196,nan,,False,MISSING_FEATURE
WIDTH_0001,width,0.17,0.1,0.86,0.42323377052794003,nan,,False,MISSING_FEATURE
WIDTH_0001,width,0.17,0.1,0.88,0.41361482119775955,nan,,False,MISSING_FEATURE
WIDTH_0001,width,0.17,0.1,0.9,0.40442338072669826,nan,,False,MISSING_FEATURE
WIDTH_0001,width,0.17,0.1,0.92,0.3956315681022048,nan,,False,MISSING_FEATURE
WIDTH_0001,width,0.17,0.1,0.94,0.3872138751638601,nan,,False,MISSING_FEATURE
WIDTH_0001,width,0.17,0.1,0.96,0.3791469194312796,nan,,False,MISSING_FEATURE
WIDTH_0001,width,0.17,0.1,0.98,0.3714092271979882,nan,,False,MISSING_FEATURE
WIDTH_0001,width,0.17,0.1,1.0,0.3639810426540284,nan,,False,MISSING_FEATURE
WIDTH_0001,width,0.17,0.1,1.02,0.35684415946473375,nan,,False,MISSING_FEATURE
WIDTH_0001,width,0.17,0.1,1.04,0.34998177178271966,nan,,False,MISSING_FEATURE
WIDTH_0001,width,0.17,0.1,1.06,0.34337834212644186,nan,,False,MISSING_FEATURE
WIDTH_0001,width,0.17,0.1,1.08,0.3370194839389152,nan,,False,MISSING_FEATURE
WIDTH_0001,width,0.17,0.1,1.1,0.3308918569582076,nan,,False,MISSING_FEATURE
WIDTH_0001,width,0.17,0.1,1.12,0.32498307379823965,nan,,False,MISSING_FEATURE
WIDTH_0001,width,0.17,0.1,1.14,0.31928161636318286,nan,,False,MISSING_FEATURE
WIDTH_0001,width,0.17,0.1,1.16,0.3137767609086452,nan,,False,MISSING_FEATURE
WIDTH_0001,width,0.17,0.1,1.18,0.3084585107237529,nan,,False,MISSING_FEATURE
WIDTH_0001,width,0.17,0.1,1.2,0.3033175355450237,nan,,False,MISSING_FEATURE
WIDTH_0001,width,0.17,0.15,0.8,0.4549763033175355,nan,,False,MISSING_FEATURE
WIDTH_0001,width,0.17,0.15,0.82,0.4438793203097908,nan,,False,MISSING_FEATURE
WIDTH_0001,width,0.17,0.15,0.84,0.4333107650643196,nan,,False,MISSING_FEATURE
WIDTH_0001,width,0.17,0.15,0.86,0.42323377052794003,nan,,False,MISSING_FEATURE
WIDTH_0001,width,0.17,0.15,0.88,0.41361482119775955,nan,,False,MISSING_FEATURE
WIDTH_0001,width,0.17,0.15,0.9,0.40442338072669826,nan,,False,MISSING_FEATURE
WIDTH_0001,width,0.17,0.15,0.92,0.3956315681022048,nan,,False,MISSING_FEATURE
WIDTH_0001,width,0.17,0.15,0.94,0.3872138751638601,nan,,False,MISSING_FEATURE
WIDTH_0001,width,0.17,0.15,0.96,0.3791469194312796,nan,,False,MISSING_FEATURE
WIDTH_0001,width,0.17,0.15,0.98,0.3714092271979882,nan,,False,MISSING_FEATURE
WIDTH_0001,width,0.17,0.15,1.0,0.3639810426540284,nan,,False,MISSING_FEATURE
WIDTH_0001,width,0.17,0.15,1.02,0.35684415946473375,nan,,False,MISSING_FEATURE
WIDTH_0001,width,0.17,0.15,1.04,0.34998177178271966,nan,,False,MISSING_FEATURE
WIDTH_0001,width,0.17,0.15,1.06,0.34337834212644186,nan,,False,MISSING_FEATURE
WIDTH_0001,width,0.17,0.15,1.08,0.3370194839389152,nan,,False,MISSING_FEATURE
WIDTH_0001,width,0.17,0.15,1.1,0.3308918569582076,nan,,False,MISSING_FEATURE
WIDTH_0001,width,0.17,0.15,1.12,0.32498307379823965,nan,,False,MISSING_FEATURE
WIDTH_0001,width,0.17,0.15,1.14,0.31928161636318286,nan,,False,MISSING_FEATURE
WIDTH_0001,width,0.17,0.15,1.16,0.3137767609086452,nan,,False,MISSING_FEATURE
WIDTH_0001,width,0.17,0.15,1.18,0.3084585107237529,nan,,False,MISSING_FEATURE
WIDTH_0001,width,0.17,0.15,1.2,0.3033175355450237,nan,,False,MISSING_FEATURE
WIDTH_0001,width,0.17,0.2,0.8,0.4549763033175355,nan,,False,MISSING_FEATURE
WIDTH_0001,width,0.17,0.2,0.82,0.4438793203097908,nan,,False,MISSING_FEATURE
WIDTH_0001,width,0.17,0.2,0.84,0.4333107650643196,nan,,False,MISSING_FEATURE
WIDTH_0001,width,0.17,0.2,0.86,0.42323377052794003,nan,,False,MISSING_FEATURE
WIDTH_0001,width,0.17,0.2,0.88,0.41361482119775955,nan,,False,MISSING_FEATURE
WIDTH_0001,width,0.17,0.2,0.9,0.40442338072669826,nan,,False,MISSING_FEATURE
WIDTH_0001,width,0.17,0.2,0.92,0.3956315681022048,nan,,False,MISSING_FEATURE
WIDTH_0001,width,0.17,0.2,0.94,0.3872138751638601,nan,,False,MISSING_FEATURE
WIDTH_0001,width,0.17,0.2,0.96,0.3791469194312796,nan,,False,MISSING_FEATURE
WIDTH_0001,width,0.17,0.2,0.98,0.3714092271979882,nan,,False,MISSING_FEATURE
WIDTH_0001,width,0.17,0.2,1.0,0.3639810426540284,nan,,False,MISSING_FEATURE
WIDTH_0001,width,0.17,0.2,1.02,0.35684415946473375,nan,,False,MISSING_FEATURE
WIDTH_0001,width,0.17,0.2,1.04,0.34998177178271966,nan,,False,MISSING_FEATURE
WIDTH_0001,width,0.17,0.2,1.06,0.34337834212644186,nan,,False,MISSING_FEATURE
WIDTH_0001,width,0.17,0.2,1.08,0.3370194839389152,nan,,False,MISSING_FEATURE
WIDTH_0001,width,0.17,0.2,1.1,0.3308918569582076,nan,,False,MISSING_FEATURE
WIDTH_0001,width,0.17,0.2,1.12,0.32498307379823965,nan,,False,MISSING_FEATURE
WIDTH_0001,width,0.17,0.2,1.14,0.31928161636318286,nan,,False,MISSING_FEATURE
WIDTH_0001,width,0.17,0.2,1.16,0.3137767609086452,nan,,False,MISSING_FEATURE
WIDTH_0001,width,0.17,0.2,1.18,0.3084585107237529,nan,,False,MISSING_FEATURE
WIDTH_0001,width,0.17,0.2,1.2,0.3033175355450237,nan,,False,MISSING_FEATURE
WIDTH_0001,width,0.17,0.25,0.8,0.4549763033175355,nan,,False,MISSING_FEATURE
WIDTH_0001,width,0.17,0.25,0.82,0.4438793203097908,nan,,False,MISSING_FEATURE
WIDTH_0001,width,0.17,0.25,0.84,0.4333107650643196,nan,,False,MISSING_FEATURE
WIDTH_0001,width,0.17,0.25,0.86,0.42323377052794003,nan,,False,MISSING_FEATURE
WIDTH_0001,width,0.17,0.25,0.88,0.41361482119775955,nan,,False,MISSING_FEATURE
WIDTH_0001,width,0.17,0.25,0.9,0.40442338072669826,nan,,False,MISSING_FEATURE
WIDTH_0001,width,0.17,0.25,0.92,0.3956315681022048,nan,,False,MISSING_FEATURE
WIDTH_0001,width,0.17,0.25,0.94,0.3872138751638601,nan,,False,MISSING_FEATURE
WIDTH_0001,width,0.17,0.25,0.96,0.3791469194312796,nan,,False,MISSING_FEATURE
WIDTH_0001,width,0.17,0.25,0.98,0.3714092271979882,nan,,False,MISSING_FEATURE
WIDTH_0001,width,0.17,0.25,1.0,0.3639810426540284,nan,,False,MISSING_FEATURE
WIDTH_0001,width,0.17,0.25,1.02,0.35684415946473375,nan,,False,MISSING_FEATURE
WIDTH_0001,width,0.17,0.25,1.04,0.34998177178271966,nan,,False,MISSING_FEATURE
WIDTH_0001,width,0.17,0.25,1.06,0.34337834212644186,nan,,False,MISSING_FEATURE
WIDTH_0001,width,0.17,0.25,1.08,0.3370194839389152,nan,,False,MISSING_FEATURE
WIDTH_0001,width,0.17,0.25,1.1,0.3308918569582076,nan,,False,MISSING_FEATURE
WIDTH_0001,width,0.17,0.25,1.12,0.32498307379823965,nan,,False,MISSING_FEATURE
WIDTH_0001,width,0.17,0.25,1.14,0.31928161636318286,nan,,False,MISSING_FEATURE
WIDTH_0001,width,0.17,0.25,1.16,0.3137767609086452,nan,,False,MISSING_FEATURE
WIDTH_0001,width,0.17,0.25,1.18,0.3084585107237529,nan,,False,MISSING_FEATURE
WIDTH_0001,width,0.17,0.25,1.2,0.3033175355450237,nan,,False,MISSING_FEATURE
WIDTH_0001,width,0.17,0.3,0.8,0.4549763033175355,nan,,False,MISSING_FEATURE
WIDTH_0001,width,0.17,0.3,0.82,0.4438793203097908,nan,,False,MISSING_FEATURE
WIDTH_0001,width,0.17,0.3,0.84,0.4333107650643196,nan,,False,MISSING_FEATURE
WIDTH_0001,width,0.17,0.3,0.86,0.42323377052794003,nan,,False,MISSING_FEATURE
WIDTH_0001,width,0.17,0.3,0.88,0.41361482119775955,nan,,False,MISSING_FEATURE
WIDTH_0001,width,0.17,0.3,0.9,0.40442338072669826,nan,,False,MISSING_FEATURE
WIDTH_0001,width,0.17,0.3,0.92,0.3956315681022048,nan,,False,MISSING_FEATURE
WIDTH_0001,width,0.17,0.3,0.94,0.3872138751638601,nan,,False,MISSING_FEATURE
WIDTH_0001,width,0.17,0.3,0.96,0.3791469194312796,nan,,False,MISSING_FEATURE
WIDTH_0001,width,0.17,0.3,0.98,0.3714092271979882,nan,,False,MISSING_FEATURE
WIDTH_0001,width,0.17,0.3,1.0,0.3639810426540284,nan,,False,MISSING_FEATURE
WIDTH_0001,width,0.17,0.3,1.02,0.35684415946473375,nan,,False,MISSING_FEATURE
WIDTH_0001,width,0.17,0.3,1.04,0.34998177178271966,nan,,False,MISSING_FEATURE
WIDTH_0001,width,0.17,0.3,1.06,0.34337834212644186,nan,,False,MISSING_FEATURE
WIDTH_0001,width,0.17,0.3,1.08,0.3370194839389152,nan,,False,MISSING_FEATURE
WIDTH_0001,width,0.17,0.3,1.1,0.3308918569582076,nan,,False,MISSING_FEATURE
WIDTH_0001,width,0.17,0.3,1.12,0.32498307379823965,nan,,False,MISSING_FEATURE
WIDTH_0001,width,0.17,0.3,1.14,0.31928161636318286,nan,,False,MISSING_FEATURE
WIDTH_0001,width,0.17,0.3,1.16,0.3137767609086452,nan,,False,MISSING_FEATURE
WIDTH_0001,width,0.17,0.3,1.18,0.3084585107237529,nan,,False,MISSING_FEATURE
WIDTH_0001,width,0.17,0.3,1.2,0.3033175355450237,nan,,False,MISSING_FEATURE
WIDTH_0001,width,0.17,0.35,0.8,0.4549763033175355,nan,,False,MISSING_FEATURE
WIDTH_0001,width,0.17,0.35,0.82,0.4438793203097908,nan,,False,MISSING_FEATURE
WIDTH_0001,width,0.17,0.35,0.84,0.4333107650643196,nan,,False,MISSING_FEATURE
WIDTH_0001,width,0.17,0.35,0.86,0.42323377052794003,nan,,False,MISSING_FEATURE
WIDTH_0001,width,0.17,0.35,0.88,0.41361482119775955,nan,,False,MISSING_FEATURE
WIDTH_0001,width,0.17,0.35,0.9,0.40442338072669826,nan,,False,MISSING_FEATURE
WIDTH_0001,width,0.17,0.35,0.92,0.3956315681022048,nan,,False,MISSING_FEATURE
WIDTH_0001,width,0.17,0.35,0.94,0.3872138751638601,nan,,False,MISSING_FEATURE
WIDTH_0001,width,0.17,0.35,0.96,0.3791469194312796,nan,,False,MISSING_FEATURE
WIDTH_0001,width,0.17,0.35,0.98,0.3714092271979882,nan,,False,MISSING_FEATURE
WIDTH_0001,width,0.17,0.35,1.0,0.3639810426540284,nan,,False,MISSING_FEATURE
WIDTH_0001,width,0.17,0.35,1.02,0.35684415946473375,nan,,False,MISSING_FEATURE
WIDTH_0001,width,0.17,0.35,1.04,0.34998177178271966,nan,,False,MISSING_FEATURE
WIDTH_0001,width,0.17,0.35,1.06,0.34337834212644186,nan,,False,MISSING_FEATURE
WIDTH_0001,width,0.17,0.35,1.08,0.3370194839389152,nan,,False,MISSING_FEATURE
WIDTH_0001,width,0.17,0.35,1.1,0.3308918569582076,nan,,False,MISSING_FEATURE
WIDTH_0001,width,0.17,0.35,1.12,0.32498307379823965,nan,,False,MISSING_FEATURE
WIDTH_0001,width,0.17,0.35,1.14,0.31928161636318286,nan,,False,MISSING_FEATURE
WIDTH_0001,width,0.17,0.35,1.16,0.3137767609086452,nan,,False,MISSING_FEATURE
WIDTH_0001,width,0.17,0.35,1.18,0.3084585107237529,nan,,False,MISSING_FEATURE
WIDTH_0001,width,0.17,0.35,1.2,0.3033175355450237,nan,,False,MISSING_FEATURE
WIDTH_0001,width,0.17,0.4,0.8,0.4549763033175355,nan,,False,MISSING_FEATURE
WIDTH_0001,width,0.17,0.4,0.82,0.4438793203097908,nan,,False,MISSING_FEATURE
WIDTH_0001,width,0.17,0.4,0.84,0.4333107650643196,nan,,False,MISSING_FEATURE
WIDTH_0001,width,0.17,0.4,0.86,0.42323377052794003,nan,,False,MISSING_FEATURE
WIDTH_0001,width,0.17,0.4,0.88,0.41361482119775955,nan,,False,MISSING_FEATURE
WIDTH_0001,width,0.17,0.4,0.9,0.40442338072669826,nan,,False,MISSING_FEATURE
WIDTH_0001,width,0.17,0.4,0.92,0.3956315681022048,nan,,False,MISSING_FEATURE
WIDTH_0001,width,0.17,0.4,0.94,0.3872138751638601,nan,,False,MISSING_FEATURE
WIDTH_0001,width,0.17,0.4,0.96,0.3791469194312796,nan,,False,MISSING_FEATURE
WIDTH_0001,width,0.17,0.4,0.98,0.3714092271979882,nan,,False,MISSING_FEATURE
WIDTH_0001,width,0.17,0.4,1.0,0.3639810426540284,nan,,False,MISSING_FEATURE
WIDTH_0001,width,0.17,0.4,1.02,0.35684415946473375,nan,,False,MISSING_FEATURE
WIDTH_0001,width,0.17,0.4,1.04,0.34998177178271966,nan,,False,MISSING_FEATURE
WIDTH_0001,width,0.17,0.4,1.06,0.34337834212644186,nan,,False,MISSING_FEATURE
WIDTH_0001,width,0.17,0.4,1.08,0.3370194839389152,nan,,False,MISSING_FEATURE
WIDTH_0001,width,0.17,0.4,1.1,0.3308918569582076,nan,,False,MISSING_FEATURE
WIDTH_0001,width,0.17,0.4,1.12,0.32498307379823965,nan,,False,MISSING_FEATURE
WIDTH_0001,width,0.17,0.4,1.14,0.31928161636318286,nan,,False,MISSING_FEATURE
WIDTH_0001,width,0.17,0.4,1.16,0.3137767609086452,nan,,False,MISSING_FEATURE
WIDTH_0001,width,0.17,0.4,1.18,0.3084585107237529,nan,,False,MISSING_FEATURE
WIDTH_0001,width,0.17,0.4,1.2,0.3033175355450237,nan,,False,MISSING_FEATURE
SPACE_0001,space,0.17,-0.4,0.8,0.4549763033175355,0.1840104045624552,0.08241414448503057,True,PASS
SPACE_0001,space,0.17,-0.4,0.82,0.4438793203097908,0.17453482348998,0.026675432293999966,True,PASS
SPACE_0001,space,0.17,-0.4,0.84,0.4333107650643196,0.16489984550096415,0.03000090881785802,True,PASS
SPACE_0001,space,0.17,-0.4,0.86,0.42323377052794003,0.15510770403745006,0.0876017409561762,True,PASS
SPACE_0001,space,0.17,-0.4,0.88,0.41361482119775955,0.1450804909310017,0.14658534746469595,False,CD_OUT_OF_SPEC
SPACE_0001,space,0.17,-0.4,0.9,0.40442338072669826,0.1347099368057245,0.2075886070251501,False,CD_OUT_OF_SPEC
SPACE_0001,space,0.17,-0.4,0.92,0.3956315681022048,0.1238645302944705,0.27138511591487946,False,CD_OUT_OF_SPEC
SPACE_0001,space,0.17,-0.4,0.94,0.3872138751638601,0.11240864855410254,0.33877265556410274,False,CD_OUT_OF_SPEC
SPACE_0001,space,0.17,-0.4,0.96,0.3791469194312796,0.10012245466510968,0.4110443843228843,False,CD_OUT_OF_SPEC
SPACE_0001,space,0.17,-0.4,0.98,0.3714092271979882,0.08645116018971674,0.49146376358990157,False,CD_OUT_OF_SPEC
SPACE_0001,space,0.17,-0.4,1.0,0.3639810426540284,0.07077864270979084,0.5836550428835833,False,CD_OUT_OF_SPEC
SPACE_0001,space,0.17,-0.4,1.02,0.35684415946473375,0.05151356679902201,0.6969790188292823,False,CD_OUT_OF_SPEC
SPACE_0001,space,0.17,-0.4,1.04,0.34998177178271966,nan,,False,BRIDGED
SPACE_0001,space,0.17,-0.4,1.06,0.34337834212644186,nan,,False,BRIDGED
SPACE_0001,space,0.17,-0.4,1.08,0.3370194839389152,nan,,False,BRIDGED
SPACE_0001,space,0.17,-0.4,1.1,0.3308918569582076,nan,,False,BRIDGED
SPACE_0001,space,0.17,-0.4,1.12,0.32498307379823965,nan,,False,BRIDGED
SPACE_0001,space,0.17,-0.4,1.14,0.31928161636318286,nan,,False,BRIDGED
SPACE_0001,space,0.17,-0.4,1.16,0.3137767609086452,nan,,False,BRIDGED
SPACE_0001,space,0.17,-0.4,1.18,0.3084585107237529,nan,,False,BRIDGED
SPACE_0001,space,0.17,-0.4,1.2,0.3033175355450237,nan,,False,BRIDGED
SPACE_0001,space,0.17,-0.35,0.8,0.4549763033175355,0.20045406494458418,0.1791415584975539,False,CD_OUT_OF_SPEC
SPACE_0001,space,0.17,-0.35,0.82,0.4438793203097908,0.19327081338254454,0.13688713754437956,False,CD_OUT_OF_SPEC
SPACE_0001,space,0.17,-0.35,0.84,0.4333107650643196,0.18630671023751144,0.09592182492653781,True,PASS
SPACE_0001,space,0.17,-0.35,0.86,0.42323377052794003,0.17961175887645772,0.056539758096810055,True,PASS
SPACE_0001,space,0.17,-0.35,0.88,0.41361482119775955,0.17251900078904792,0.014817651700281787,True,PASS
SPACE_0001,space,0.17,-0.35,0.9,0.40442338072669826,0.16572455065611896,0.0251497020228297,True,PASS
SPACE_0001,space,0.17,-0.35,0.92,0.3956315681022048,0.15911497591474402,0.06402955344268228,True,PASS
SPACE_0001,space,0.17,-0.35,0.94,0.3872138751638601,0.1519910639312983,0.10593491805118654,False,CD_OUT_OF_SPEC
SPACE_0001,space,0.17,-0.35,0.96,0.3791469194312796,0.14516398161383012,0.14609422580099934,False,CD_OUT_OF_SPEC
SPACE_0001,space,0.17,-0.35,0.98,0.3714092271979882,0.1383237949894145,0.18633061770932657,False,CD_OUT_OF_SPEC
SPACE_0001,space,0.17,-0.35,1.0,0.3639810426540284,0.1310460164296063,0.22914107982584528,False,CD_OUT_OF_SPEC
SPACE_0001,space,0.17,-0.35,1.02,0.35684415946473375,0.12397450550494121,0.2707382029121106,False,CD_OUT_OF_SPEC
SPACE_0001,space,0.17,-0.35,1.04,0.34998177178271966,0.11657495747231833,0.31426495604518634,False,CD_OUT_OF_SPEC
SPACE_0001,space,0.17,-0.35,1.06,0.34337834212644186,0.1088288950502806,0.35983002911599654,False,CD_OUT_OF_SPEC
SPACE_0001,space,0.17,-0.35,1.08,0.3370194839389152,0.10084930980276902,0.40676876586606464,False,CD_OUT_OF_SPEC
SPACE_0001,space,0.17,-0.35,1.1,0.3308918569582076,0.0926875670889289,0.45477901712394764,False,CD_OUT_OF_SPEC
SPACE_0001,space,0.17,-0.35,1.12,0.32498307379823965,0.08358874413867462,0.5083015050666199,False,CD_OUT_OF_SPEC
SPACE_0001,space,0.17,-0.35,1.14,0.31928161636318286,0.07408637835077482,0.564197774407207,False,CD_OUT_OF_SPEC
SPACE_0001,space,0.17,-0.35,1.16,0.3137767609086452,0.06309291172196392,0.6288652251649182,False,CD_OUT_OF_SPEC
SPACE_0001,space,0.17,-0.35,1.18,0.3084585107237529,0.05116149007782195,0.6990500583657533,False,CD_OUT_OF_SPEC
SPACE_0001,space,0.17,-0.35,1.2,0.3033175355450237,0.03430607370403348,0.798199566446862,False,CD_OUT_OF_SPEC
SPACE_0001,space,0.17,-0.3,0.8,0.4549763033175355,0.21090968427931145,0.24064520164300843,False,CD_OUT_OF_SPEC
SPACE_0001,space,0.17,-0.3,0.82,0.4438793203097908,0.20511139292286124,0.20653760542859542,False,CD_OUT_OF_SPEC
SPACE_0001,space,0.17,-0.3,0.84,0.4333107650643196,0.1994746335198393,0.1733801971755252,False,CD_OUT_OF_SPEC
SPACE_0001,space,0.17,-0.3,0.86,0.42323377052794003,0.19410004897277103,0.14176499395747655,False,CD_OUT_OF_SPEC
SPACE_0001,space,0.17,-0.3,0.88,0.41361482119775955,0.18875301631493566,0.11031186067609201,False,CD_OUT_OF_SPEC
SPACE_0001,space,0.17,-0.3,0.9,0.40442338072669826,0.1834338564591682,0.07902268505393056,True,PASS
SPACE_0001,space,0.17,-0.3,0.92,0.3956315681022048,0.17824467700951174,0.04849810005595135,True,PASS
SPACE_0001,space,0.17,-0.3,0.94,0.3872138751638601,0.17323688494864947,0.019040499697937998,True,PASS
SPACE_0001,space,0.17,-0.3,0.96,0.3791469194312796,0.16817002760077934,0.010764543524827468,True,PASS
SPACE_0001,space,0.17,-0.3,0.98,0.3714092271979882,0.16318846617264987,0.04006784604323612,True,PASS
SPACE_0001,space,0.17,-0.3,1.0,0.3639810426540284,0.15823744776231702,0.06919148375107644,True,PASS
SPACE_0001,space,0.17,-0.3,1.02,0.35684415946473375,0.1533677955564431,0.09783649672680543,True,PASS
SPACE_0001,space,0.17,-0.3,1.04,0.34998177178271966,0.1484601547748476,0.12670497191266117,False,CD_OUT_OF_SPEC
SPACE_0001,space,0.17,-0.3,1.06,0.34337834212644186,0.1437261853894511,0.1545518506502878,False,CD_OUT_OF_SPEC
SPACE_0001,space,0.17,-0.3,1.08,0.3370194839389152,0.13883404025667415,0.1833291749607404,False,CD_OUT_OF_SPEC
SPACE_0001,space,0.17,-0.3,1.1,0.3308918569582076,0.13394358053405442,0.21209658509379758,False,CD_OUT_OF_SPEC
SPACE_0001,space,0.17,-0.3,1.12,0.32498307379823965,0.1290239366900997,0.24103566652882533,False,CD_OUT_OF_SPEC
SPACE_0001,space,0.17,-0.3,1.14,0.31928161636318286,0.12427691192839162,0.2689593415976964,False,CD_OUT_OF_SPEC
SPACE_0001,space,0.17,-0.3,1.16,0.3137767609086452,0.11943644849879764,0.2974326558894257,False,CD_OUT_OF_SPEC
SPACE_0001,space,0.17,-0.3,1.18,0.3084585107237529,0.11431610144736193,0.3275523444272828,False,CD_OUT_OF_SPEC
SPACE_0001,space,0.17,-0.3,1.2,0.3033175355450237,0.10919930575161337,0.3576511426375685,False,CD_OUT_OF_SPEC
SPACE_0001,space,0.17,-0.25,0.8,0.4549763033175355,0.21792678045688857,0.28192223798169735,False,CD_OUT_OF_SPEC
SPACE_0001,space,0.17,-0.25,0.82,0.4438793203097908,0.21310031233882315,0.2535312490519008,False,CD_OUT_OF_SPEC
SPACE_0001,space,0.17,-0.25,0.84,0.4333107650643196,0.2083885370831978,0.22581492401881048,False,CD_OUT_OF_SPEC
SPACE_0001,space,0.17,-0.25,0.86,0.42323377052794003,0.20365508276382657,0.1979710750813327,False,CD_OUT_OF_SPEC
SPACE_0001,space,0.17,-0.25,0.88,0.41361482119775955,0.19913340304521748,0.17137295908951453,False,CD_OUT_OF_SPEC
SPACE_0001,space,0.17,-0.25,0.9,0.40442338072669826,0.19481268686965725,0.14595698158621903,False,CD_OUT_OF_SPEC
SPACE_0001,space,0.17,-0.25,0.92,0.3956315681022048,0.19067575437993997,0.12162208458788211,False,CD_OUT_OF_SPEC
SPACE_0001,space,0.17,-0.25,0.94,0.3872138751638601,0.18639036810868428,0.09641393005108395,True,PASS
SPACE_0001,space,0.17,-0.25,0.96,0.3791469194312796,0.1822121002367824,0.07183588374577868,True,PASS
SPACE_0001,space,0.17,-0.25,0.98,0.3714092271979882,0.17820437391067487,0.048261023003969734,True,PASS
SPACE_0001,space,0.17,-0.25,1.0,0.3639810426540284,0.1743569566376078,0.025629156691810557,True,PASS
SPACE_0001,space,0.17,-0.25,1.02,0.35684415946473375,0.17066041847329366,0.0038848145487861774,True,PASS
SPACE_0001,space,0.17,-0.25,1.04,0.34998177178271966,0.16674797784638917,0.01912954208006376,True,PASS
SPACE_0001,space,0.17,-0.25,1.06,0.34337834212644186,0.16290354276275854,0.04174386610142045,True,PASS
SPACE_0001,space,0.17,-0.25,1.08,0.3370194839389152,0.15920149416370766,0.06352062256642561,True,PASS
SPACE_0001,space,0.17,-0.25,1.1,0.3308918569582076,0.155634065513714,0.08450549697815299,True,PASS
SPACE_0001,space,0.17,-0.25,1.12,0.32498307379823965,0.15219404502979136,0.10474091158946262,False,CD_OUT_OF_SPEC
SPACE_0001,space,0.17,-0.25,1.14,0.31928161636318286,0.14869613292076717,0.12531686517195792,False,CD_OUT_OF_SPEC
SPACE_0001,space,0.17,-0.25,1.16,0.3137767609086452,0.14503827812820566,0.14683365806937854,False,CD_OUT_OF_SPEC
SPACE_0001,space,0.17,-0.25,1.18,0.3084585107237529,0.14148206057091875,0.16775258487694858,False,CD_OUT_OF_SPEC
SPACE_0001,space,0.17,-0.25,1.2,0.3033175355450237,0.13804438359887333,0.18797421412427456,False,CD_OUT_OF_SPEC
SPACE_0001,space,0.17,-0.2,0.8,0.4549763033175355,0.22293424720868749,0.3113779247569851,False,CD_OUT_OF_SPEC
SPACE_0001,space,0.17,-0.2,0.82,0.4438793203097908,0.21855293135416254,0.2856054785538972,False,CD_OUT_OF_SPEC
SPACE_0001,space,0.17,-0.2,0.84,0.4333107650643196,0.214373637804664,0.26102139885096465,False,CD_OUT_OF_SPEC
SPACE_0001,space,0.17,-0.2,0.86,0.42323377052794003,0.21026116090798913,0.2368303582822889,False,CD_OUT_OF_SPEC
SPACE_0001,space,0.17,-0.2,0.88,0.41361482119775955,0.2063356147793472,0.21373891046674814,False,CD_OUT_OF_SPEC
SPACE_0001,space,0.17,-0.2,0.9,0.40442338072669826,0.2024540560445875,0.19090621202698518,False,CD_OUT_OF_SPEC
SPACE_0001,space,0.17,-0.2,0.92,0.3956315681022048,0.19871321820959498,0.1689012835858527,False,CD_OUT_OF_SPEC
SPACE_0001,space,0.17,-0.2,0.94,0.3872138751638601,0.1951315649633269,0.14783273507839342,False,CD_OUT_OF_SPEC
SPACE_0001,space,0.17,-0.2,0.96,0.3791469194312796,0.1916154311223161,0.12714959483715346,False,CD_OUT_OF_SPEC
SPACE_0001,space,0.17,-0.2,0.98,0.3714092271979882,0.188175642542809,0.1069155443694646,False,CD_OUT_OF_SPEC
SPACE_0001,space,0.17,-0.2,1.0,0.3639810426540284,0.18478645051378392,0.08697912066931712,True,PASS
SPACE_0001,space,0.17,-0.2,1.02,0.35684415946473375,0.18145076255677073,0.06735742680453362,True,PASS
SPACE_0001,space,0.17,-0.2,1.04,0.34998177178271966,0.1782433702904121,0.04849041347301225,True,PASS
SPACE_0001,space,0.17,-0.2,1.06,0.34337834212644186,0.1751570116944802,0.030335362908706965,True,PASS
SPACE_0001,space,0.17,-0.2,1.08,0.3370194839389152,0.17216780960482467,0.012751821204850912,True,PASS
SPACE_0001,space,0.17,-0.2,1.1,0.3308918569582076,0.16914113479127313,0.005052148286628725,True,PASS
SPACE_0001,space,0.17,-0.2,1.12,0.32498307379823965,0.1661419189230367,0.02269459457037241,True,PASS
SPACE_0001,space,0.17,-0.2,1.14,0.31928161636318286,0.16315614993914346,0.040257941534450316,True,PASS
SPACE_0001,space,0.17,-0.2,1.16,0.3137767609086452,0.16027333850641823,0.05721565584459873,True,PASS
SPACE_0001,space,0.17,-0.2,1.18,0.3084585107237529,0.15748824949514245,0.07359853238151506,True,PASS
SPACE_0001,space,0.17,-0.2,1.2,0.3033175355450237,0.15479599678424272,0.08943531303386643,True,PASS
SPACE_0001,space,0.17,-0.15,0.8,0.4549763033175355,0.22634430556126134,0.3314370915368313,False,CD_OUT_OF_SPEC
SPACE_0001,space,0.17,-0.15,0.82,0.4438793203097908,0.22238413258501466,0.3081419563824391,False,CD_OUT_OF_SPEC
SPACE_0001,space,0.17,-0.15,0.84,0.4333107650643196,0.21850685239117584,0.28533442583044605,False,CD_OUT_OF_SPEC
SPACE_0001,space,0.17,-0.15,0.86,0.42323377052794003,0.2147519769133674,0.2632469230198081,False,CD_OUT_OF_SPEC
SPACE_0001,space,0.17,-0.15,0.88,0.41361482119775955,0.21110908693568686,0.24181815844521676,False,CD_OUT_OF_SPEC
SPACE_0001,space,0.17,-0.15,0.9,0.40442338072669826,0.20762810317923786,0.22134178340728142,False,CD_OUT_OF_SPEC
SPACE_0001,space,0.17,-0.15,0.92,0.3956315681022048,0.2042984665426306,0.20175568554488574,False,CD_OUT_OF_SPEC
SPACE_0001,space,0.17,-0.15,0.94,0.3872138751638601,0.20099629787170759,0.182331163951221,False,CD_OUT_OF_SPEC
SPACE_0001,space,0.17,-0.15,0.96,0.3791469194312796,0.19781334503461429,0.16360791196831925,False,CD_OUT_OF_SPEC
SPACE_0001,space,0.17,-0.15,0.98,0.3714092271979882,0.19472628222914168,0.14544871899495096,False,CD_OUT_OF_SPEC
SPACE_0001,space,0.17,-0.15,1.0,0.3639810426540284,0.1916691159681677,0.1274653880480453,False,CD_OUT_OF_SPEC
SPACE_0001,space,0.17,-0.15,1.02,0.35684415946473375,0.18873183858017328,0.11018728576572512,False,CD_OUT_OF_SPEC
SPACE_0001,space,0.17,-0.15,1.04,0.34998177178271966,0.18590753339941074,0.09357372587888663,True,PASS
SPACE_0001,space,0.17,-0.15,1.06,0.34337834212644186,0.18310969450573256,0.07711585003372085,True,PASS
SPACE_0001,space,0.17,-0.15,1.08,0.3370194839389152,0.1803594933285197,0.060938196050115766,True,PASS
SPACE_0001,space,0.17,-0.15,1.1,0.3308918569582076,0.17770929946684216,0.04534882039318912,True,PASS
SPACE_0001,space,0.17,-0.15,1.12,0.32498307379823965,0.17515375538594144,0.03031620815259663,True,PASS
SPACE_0001,space,0.17,-0.15,1.14,0.31928161636318286,0.17259164087020099,0.01524494629529984,True,PASS
SPACE_0001,space,0.17,-0.15,1.16,0.3137767609086452,0.1700807268612105,0.0004748638894734999,True,PASS
SPACE_0001,space,0.17,-0.15,1.18,0.3084585107237529,0.16765492858134146,0.013794537756815037,True,PASS
SPACE_0001,space,0.17,-0.15,1.2,0.3033175355450237,0.16528482129042088,0.02773634535046548,True,PASS
SPACE_0001,space,0.17,-0.1,0.8,0.4549763033175355,0.22857157124263322,0.3445386543684306,False,CD_OUT_OF_SPEC
SPACE_0001,space,0.17,-0.1,0.82,0.4438793203097908,0.2248253854345421,0.3225022672620123,False,CD_OUT_OF_SPEC
SPACE_0001,space,0.17,-0.1,0.84,0.4333107650643196,0.22124145886999402,0.3014203462940824,False,CD_OUT_OF_SPEC
SPACE_0001,space,0.17,-0.1,0.86,0.42323377052794003,0.217722954631389,0.28072326253758223,False,CD_OUT_OF_SPEC
SPACE_0001,space,0.17,-0.1,0.88,0.41361482119775955,0.21426589705275328,0.2603876297220781,False,CD_OUT_OF_SPEC
SPACE_0001,space,0.17,-0.1,0.9,0.40442338072669826,0.21096248647761331,0.24095580280949,False,CD_OUT_OF_SPEC
SPACE_0001,space,0.17,-0.1,0.92,0.3956315681022048,0.20780270244921703,0.22236883793657067,False,CD_OUT_OF_SPEC
SPACE_0001,space,0.17,-0.1,0.94,0.3872138751638601,0.20477737731564716,0.20457280773910083,False,CD_OUT_OF_SPEC
SPACE_0001,space,0.17,-0.1,0.96,0.3791469194312796,0.201845372559898,0.18732572094057645,False,CD_OUT_OF_SPEC
SPACE_0001,space,0.17,-0.1,0.98,0.3714092271979882,0.1989495633770629,0.17029154927684054,False,CD_OUT_OF_SPEC
SPACE_0001,space,0.17,-0.1,1.0,0.3639810426540284,0.19614019957648526,0.15376587986167795,False,CD_OUT_OF_SPEC
SPACE_0001,space,0.17,-0.1,1.02,0.35684415946473375,0.19335711431345393,0.13739479007914066,False,CD_OUT_OF_SPEC
SPACE_0001,space,0.17,-0.1,1.04,0.34998177178271966,0.19068107079131064,0.12165335759594484,False,CD_OUT_OF_SPEC
SPACE_0001,space,0.17,-0.1,1.06,0.34337834212644186,0.18810601004358402,0.10650594143284707,False,CD_OUT_OF_SPEC
SPACE_0001,space,0.17,-0.1,1.08,0.3370194839389152,0.18562632191614342,0.09191954068319652,True,PASS
SPACE_0001,space,0.17,-0.1,1.1,0.3308918569582076,0.18321820335631583,0.07775413739009307,True,PASS
SPACE_0001,space,0.17,-0.1,1.12,0.32498307379823965,0.18079765134489206,0.06351559614642383,True,PASS
SPACE_0001,space,0.17,-0.1,1.14,0.31928161636318286,0.17846203098299096,0.04977665284112322,True,PASS
SPACE_0001,space,0.17,-0.1,1.16,0.3137767609086452,0.1762069492542589,0.036511466201522826,True,PASS
SPACE_0001,space,0.17,-0.1,1.18,0.3084585107237529,0.17393665637927558,0.02315680223103274,True,PASS
SPACE_0001,space,0.17,-0.1,1.2,0.3033175355450237,0.17171850008076195,0.01010882400448198,True,PASS
SPACE_0001,space,0.17,-0.05,0.8,0.4549763033175355,0.22984674988024326,0.3520397051779014,False,CD_OUT_OF_SPEC
SPACE_0001,space,0.17,-0.05,0.82,0.4438793203097908,0.22621197060290288,0.33065865060531097,False,CD_OUT_OF_SPEC
SPACE_0001,space,0.17,-0.05,0.84,0.4333107650643196,0.2227502760530567,0.3102957414885687,False,CD_OUT_OF_SPEC
SPACE_0001,space,0.17,-0.05,0.86,0.42323377052794003,0.2193977875797422,0.29057522105730704,False,CD_OUT_OF_SPEC
SPACE_0001,space,0.17,-0.05,0.88,0.41361482119775955,0.21606672929148885,0.2709807605381696,False,CD_OUT_OF_SPEC
SPACE_0001,space,0.17,-0.05,0.9,0.40442338072669826,0.21286424538485715,0.25214261991092435,False,CD_OUT_OF_SPEC
SPACE_0001,space,0.17,-0.05,0.92,0.3956315681022048,0.20980099990894813,0.23412352887616536,False,CD_OUT_OF_SPEC
SPACE_0001,space,0.17,-0.05,0.94,0.3872138751638601,0.20686810530435407,0.2168712076726709,False,CD_OUT_OF_SPEC
SPACE_0001,space,0.17,-0.05,0.96,0.3791469194312796,0.20405741464162108,0.20033773318600628,False,CD_OUT_OF_SPEC
SPACE_0001,space,0.17,-0.05,0.98,0.3714092271979882,0.20133475480380947,0.18432208708123207,False,CD_OUT_OF_SPEC
SPACE_0001,space,0.17,-0.05,1.0,0.3639810426540284,0.19864053278032887,0.16847372223722853,False,CD_OUT_OF_SPEC
SPACE_0001,space,0.17,-0.05,1.02,0.35684415946473375,0.19598688603931919,0.1528640355254069,False,CD_OUT_OF_SPEC
SPACE_0001,space,0.17,-0.05,1.04,0.34998177178271966,0.19339491182104662,0.1376171283590977,False,CD_OUT_OF_SPEC
SPACE_0001,space,0.17,-0.05,1.06,0.34337834212644186,0.19090074795063267,0.12294557618019207,False,CD_OUT_OF_SPEC
SPACE_0001,space,0.17,-0.05,1.08,0.3370194839389152,0.18849896051986773,0.10881741482275124,False,CD_OUT_OF_SPEC
SPACE_0001,space,0.17,-0.05,1.1,0.3308918569582076,0.18618451081385434,0.0952030047873784,True,PASS
SPACE_0001,space,0.17,-0.05,1.12,0.32498307379823965,0.18395272002591453,0.08207482368185012,True,PASS
SPACE_0001,space,0.17,-0.05,1.14,0.31928161636318286,0.18174110287228107,0.06906531101341798,True,PASS
SPACE_0001,space,0.17,-0.05,1.16,0.3137767609086452,0.17955732286803938,0.05621954628258452,True,PASS
SPACE_0001,space,0.17,-0.05,1.18,0.3084585107237529,0.1774475693046247,0.04380923120367471,True,PASS
SPACE_0001,space,0.17,-0.05,1.2,0.3033175355450237,0.17535127826722136,0.03147810745424319,True,PASS
SPACE_0001,space,0.17,0.0,0.8,0.4549763033175355,0.230262048839195,0.35448264023055864,False,CD_OUT_OF_SPEC
SPACE_0001,space,0.17,0.0,0.82,0.4438793203097908,0.22666346146034455,0.33331447917849727,False,CD_OUT_OF_SPEC
SPACE_0001,space,0.17,0.0,0.84,0.4333107650643196,0.22323623538524479,0.31315432579555746,False,CD_OUT_OF_SPEC
SPACE_0001,space,0.17,0.0,0.86,0.42323377052794003,0.21994020010310375,0.29376588295943373,False,CD_OUT_OF_SPEC
SPACE_0001,space,0.17,0.0,0.88,0.41361482119775955,0.21665219012652948,0.2744246478031145,False,CD_OUT_OF_SPEC
SPACE_0001,space,0.17,0.0,0.9,0.40442338072669826,0.21348245998308923,0.255779176371113,False,CD_OUT_OF_SPEC
SPACE_0001,space,0.17,0.0,0.92,0.3956315681022048,0.21045054419371192,0.23794437761007006,False,CD_OUT_OF_SPEC
SPACE_0001,space,0.17,0.0,0.94,0.3872138751638601,0.2075476460975003,0.22086850645588396,False,CD_OUT_OF_SPEC
SPACE_0001,space,0.17,0.0,0.96,0.3791469194312796,0.20476570208863037,0.20450412993311975,False,CD_OUT_OF_SPEC
SPACE_0001,space,0.17,0.0,0.98,0.3714092271979882,0.20209730681481453,0.1888076871459677,False,CD_OUT_OF_SPEC
SPACE_0001,space,0.17,0.0,1.0,0.3639810426540284,0.19944305915131544,0.17319446559597307,False,CD_OUT_OF_SPEC
SPACE_0001,space,0.17,0.0,1.02,0.35684415946473375,0.1968404670011954,0.15788510000703165,False,CD_OUT_OF_SPEC
SPACE_0001,space,0.17,0.0,1.04,0.34998177178271966,0.19427574515114626,0.14279850088909557,False,CD_OUT_OF_SPEC
SPACE_0001,space,0.17,0.0,1.06,0.34337834212644186,0.19180780525770266,0.12828120739825088,False,CD_OUT_OF_SPEC
SPACE_0001,space,0.17,0.0,1.08,0.3370194839389152,0.18943127054549427,0.11430159144408389,False,CD_OUT_OF_SPEC
SPACE_0001,space,0.17,0.0,1.1,0.3308918569582076,0.18714115527737318,0.10083032516101864,False,CD_OUT_OF_SPEC
SPACE_0001,space,0.17,0.0,1.12,0.32498307379823965,0.18493282984024917,0.08784017553087739,True,PASS
SPACE_0001,space,0.17,0.0,1.14,0.31928161636318286,0.18280198950618723,0.07530582062463068,True,PASS
SPACE_0001,space,0.17,0.0,1.16,0.3137767609086452,0.18064413620046826,0.06261256588510736,True,PASS
SPACE_0001,space,0.17,0.0,1.18,0.3084585107237529,0.1785567108837709,0.05033359343394638,True,PASS
SPACE_0001,space,0.17,0.0,1.2,0.3033175355450237,0.17652872752840038,0.03840427957882566,True,PASS
SPACE_0001,space,0.17,0.05,0.8,0.4549763033175355,0.22984674988024328,0.35203970517790156,False,CD_OUT_OF_SPEC
SPACE_0001,space,0.17,0.05,0.82,0.4438793203097908,0.22621197060290288,0.33065865060531097,False,CD_OUT_OF_SPEC
SPACE_0001,space,0.17,0.05,0.84,0.4333107650643196,0.2227502760530567,0.3102957414885687,False,CD_OUT_OF_SPEC
SPACE_0001,space,0.17,0.05,0.86,0.42323377052794003,0.2193977875797422,0.29057522105730704,False,CD_OUT_OF_SPEC
SPACE_0001,space,0.17,0.05,0.88,0.41361482119775955,0.21606672929148885,0.2709807605381696,False,CD_OUT_OF_SPEC
SPACE_0001,space,0.17,0.05,0.9,0.40442338072669826,0.21286424538485715,0.25214261991092435,False,CD_OUT_OF_SPEC
SPACE_0001,space,0.17,0.05,0.92,0.3956315681022048,0.2098009999089481,0.2341235288761652,False,CD_OUT_OF_SPEC
SPACE_0001,space,0.17,0.05,0.94,0.3872138751638601,0.20686810530435407,0.2168712076726709,False,CD_OUT_OF_SPEC
SPACE_0001,space,0.17,0.05,0.96,0.3791469194312796,0.20405741464162108,0.20033773318600628,False,CD_OUT_OF_SPEC
SPACE_0001,space,0.17,0.05,0.98,0.3714092271979882,0.20133475480380947,0.18432208708123207,False,CD_OUT_OF_SPEC
SPACE_0001,space,0.17,0.05,1.0,0.3639810426540284,0.19864053278032884,0.16847372223722837,False,CD_OUT_OF_SPEC
SPACE_0001,space,0.17,0.05,1.02,0.35684415946473375,0.19598688603931919,0.1528640355254069,False,CD_OUT_OF_SPEC
SPACE_0001,space,0.17,0.05,1.04,0.34998177178271966,0.19339491182104662,0.1376171283590977,False,CD_OUT_OF_SPEC
SPACE_0001,space,0.17,0.05,1.06,0.34337834212644186,0.19090074795063264,0.1229455761801919,False,CD_OUT_OF_SPEC
SPACE_0001,space,0.17,0.05,1.08,0.3370194839389152,0.18849896051986773,0.10881741482275124,False,CD_OUT_OF_SPEC
SPACE_0001,space,0.17,0.05,1.1,0.3308918569582076,0.18618451081385434,0.0952030047873784,True,PASS
SPACE_0001,space,0.17,0.05,1.12,0.32498307379823965,0.1839527200259145,0.08207482368184996,True,PASS
SPACE_0001,space,0.17,0.05,1.14,0.31928161636318286,0.18174110287228107,0.06906531101341798,True,PASS
SPACE_0001,space,0.17,0.05,1.16,0.3137767609086452,0.17955732286803938,0.05621954628258452,True,PASS
SPACE_0001,space,0.17,0.05,1.18,0.3084585107237529,0.17744756930462469,0.04380923120367455,True,PASS
SPACE_0001,space,0.17,0.05,1.2,0.3033175355450237,0.17535127826722133,0.03147810745424303,True,PASS
SPACE_0001,space,0.17,0.1,0.8,0.4549763033175355,0.22857157124263316,0.3445386543684303,False,CD_OUT_OF_SPEC
SPACE_0001,space,0.17,0.1,0.82,0.4438793203097908,0.22482538543454209,0.3225022672620122,False,CD_OUT_OF_SPEC
SPACE_0001,space,0.17,0.1,0.84,0.4333107650643196,0.22124145886999397,0.30142034629408204,False,CD_OUT_OF_SPEC
SPACE_0001,space,0.17,0.1,0.86,0.42323377052794003,0.21772295463138897,0.28072326253758206,False,CD_OUT_OF_SPEC
SPACE_0001,space,0.17,0.1,0.88,0.41361482119775955,0.21426589705275323,0.26038762972207774,False,CD_OUT_OF_SPEC
SPACE_0001,space,0.17,0.1,0.9,0.40442338072669826,0.2109624864776133,0.24095580280948983,False,CD_OUT_OF_SPEC
SPACE_0001,space,0.17,0.1,0.92,0.3956315681022048,0.207802702449217,0.22236883793657053,False,CD_OUT_OF_SPEC
SPACE_0001,space,0.17,0.1,0.94,0.3872138751638601,0.20477737731564713,0.20457280773910066,False,CD_OUT_OF_SPEC
SPACE_0001,space,0.17,0.1,0.96,0.3791469194312796,0.201845372559898,0.18732572094057645,False,CD_OUT_OF_SPEC
SPACE_0001,space,0.17,0.1,0.98,0.3714092271979882,0.19894956337706288,0.17029154927684037,False,CD_OUT_OF_SPEC
SPACE_0001,space,0.17,0.1,1.0,0.3639810426540284,0.19614019957648524,0.15376587986167778,False,CD_OUT_OF_SPEC
SPACE_0001,space,0.17,0.1,1.02,0.35684415946473375,0.19335711431345393,0.13739479007914066,False,CD_OUT_OF_SPEC
SPACE_0001,space,0.17,0.1,1.04,0.34998177178271966,0.19068107079131064,0.12165335759594484,False,CD_OUT_OF_SPEC
SPACE_0001,space,0.17,0.1,1.06,0.34337834212644186,0.18810601004358402,0.10650594143284707,False,CD_OUT_OF_SPEC
SPACE_0001,space,0.17,0.1,1.08,0.3370194839389152,0.1856263219161434,0.09191954068319635,True,PASS
SPACE_0001,space,0.17,0.1,1.1,0.3308918569582076,0.18321820335631578,0.07775413739009274,True,PASS
SPACE_0001,space,0.17,0.1,1.12,0.32498307379823965,0.18079765134489206,0.06351559614642383,True,PASS
SPACE_0001,space,0.17,0.1,1.14,0.31928161636318286,0.17846203098299096,0.04977665284112322,True,PASS
SPACE_0001,space,0.17,0.1,1.16,0.3137767609086452,0.1762069492542589,0.036511466201522826,True,PASS
SPACE_0001,space,0.17,0.1,1.18,0.3084585107237529,0.17393665637927555,0.023156802231032576,True,PASS
SPACE_0001,space,0.17,0.1,1.2,0.3033175355450237,0.17171850008076195,0.01010882400448198,True,PASS
SPACE_0001,space,0.17,0.15,0.8,0.4549763033175355,0.22634430556126134,0.3314370915368313,False,CD_OUT_OF_SPEC
SPACE_0001,space,0.17,0.15,0.82,0.4438793203097908,0.22238413258501466,0.3081419563824391,False,CD_OUT_OF_SPEC
SPACE_0001,space,0.17,0.15,0.84,0.4333107650643196,0.21850685239117584,0.28533442583044605,False,CD_OUT_OF_SPEC
SPACE_0001,space,0.17,0.15,0.86,0.42323377052794003,0.21475197691336742,0.2632469230198083,False,CD_OUT_OF_SPEC
SPACE_0001,space,0.17,0.15,0.88,0.41361482119775955,0.21110908693568686,0.24181815844521676,False,CD_OUT_OF_SPEC
SPACE_0001,space,0.17,0.15,0.9,0.40442338072669826,0.20762810317923786,0.22134178340728142,False,CD_OUT_OF_SPEC
SPACE_0001,space,0.17,0.15,0.92,0.3956315681022048,0.20429846654263056,0.20175568554488557,False,CD_OUT_OF_SPEC
SPACE_0001,space,0.17,0.15,0.94,0.3872138751638601,0.20099629787170759,0.182331163951221,False,CD_OUT_OF_SPEC
SPACE_0001,space,0.17,0.15,0.96,0.3791469194312796,0.1978133450346143,0.1636079119683194,False,CD_OUT_OF_SPEC
SPACE_0001,space,0.17,0.15,0.98,0.3714092271979882,0.19472628222914168,0.14544871899495096,False,CD_OUT_OF_SPEC
SPACE_0001,space,0.17,0.15,1.0,0.3639810426540284,0.19166911596816774,0.12746538804804547,False,CD_OUT_OF_SPEC
SPACE_0001,space,0.17,0.15,1.02,0.35684415946473375,0.18873183858017328,0.11018728576572512,False,CD_OUT_OF_SPEC
SPACE_0001,space,0.17,0.15,1.04,0.34998177178271966,0.18590753339941074,0.09357372587888663,True,PASS
SPACE_0001,space,0.17,0.15,1.06,0.34337834212644186,0.18310969450573253,0.07711585003372068,True,PASS
SPACE_0001,space,0.17,0.15,1.08,0.3370194839389152,0.1803594933285197,0.060938196050115766,True,PASS
SPACE_0001,space,0.17,0.15,1.1,0.3308918569582076,0.1777092994668421,0.04534882039318879,True,PASS
SPACE_0001,space,0.17,0.15,1.12,0.32498307379823965,0.17515375538594144,0.03031620815259663,True,PASS
SPACE_0001,space,0.17,0.15,1.14,0.31928161636318286,0.17259164087020099,0.01524494629529984,True,PASS
SPACE_0001,space,0.17,0.15,1.16,0.3137767609086452,0.1700807268612105,0.0004748638894734999,True,PASS
SPACE_0001,space,0.17,0.15,1.18,0.3084585107237529,0.16765492858134148,0.013794537756814874,True,PASS
SPACE_0001,space,0.17,0.15,1.2,0.3033175355450237,0.16528482129042088,0.02773634535046548,True,PASS
SPACE_0001,space,0.17,0.2,0.8,0.4549763033175355,0.22293424720868749,0.3113779247569851,False,CD_OUT_OF_SPEC
SPACE_0001,space,0.17,0.2,0.82,0.4438793203097908,0.2185529313541625,0.285605478553897,False,CD_OUT_OF_SPEC
SPACE_0001,space,0.17,0.2,0.84,0.4333107650643196,0.214373637804664,0.26102139885096465,False,CD_OUT_OF_SPEC
SPACE_0001,space,0.17,0.2,0.86,0.42323377052794003,0.21026116090798913,0.2368303582822889,False,CD_OUT_OF_SPEC
SPACE_0001,space,0.17,0.2,0.88,0.41361482119775955,0.20633561477934717,0.21373891046674798,False,CD_OUT_OF_SPEC
SPACE_0001,space,0.17,0.2,0.9,0.40442338072669826,0.2024540560445875,0.19090621202698518,False,CD_OUT_OF_SPEC
SPACE_0001,space,0.17,0.2,0.92,0.3956315681022048,0.19871321820959495,0.16890128358585257,False,CD_OUT_OF_SPEC
SPACE_0001,space,0.17,0.2,0.94,0.3872138751638601,0.19513156496332684,0.14783273507839312,False,CD_OUT_OF_SPEC
SPACE_0001,space,0.17,0.2,0.96,0.3791469194312796,0.1916154311223161,0.12714959483715346,False,CD_OUT_OF_SPEC
SPACE_0001,space,0.17,0.2,0.98,0.3714092271979882,0.188175642542809,0.1069155443694646,False,CD_OUT_OF_SPEC
SPACE_0001,space,0.17,0.2,1.0,0.3639810426540284,0.18478645051378392,0.08697912066931712,True,PASS
SPACE_0001,space,0.17,0.2,1.02,0.35684415946473375,0.18145076255677076,0.06735742680453378,True,PASS
SPACE_0001,space,0.17,0.2,1.04,0.34998177178271966,0.1782433702904121,0.04849041347301225,True,PASS
SPACE_0001,space,0.17,0.2,1.06,0.34337834212644186,0.17515701169448017,0.030335362908706802,True,PASS
SPACE_0001,space,0.17,0.2,1.08,0.3370194839389152,0.17216780960482467,0.012751821204850912,True,PASS
SPACE_0001,space,0.17,0.2,1.1,0.3308918569582076,0.16914113479127313,0.005052148286628725,True,PASS
SPACE_0001,space,0.17,0.2,1.12,0.32498307379823965,0.16614191892303673,0.022694594570372248,True,PASS
SPACE_0001,space,0.17,0.2,1.14,0.31928161636318286,0.16315614993914346,0.040257941534450316,True,PASS
SPACE_0001,space,0.17,0.2,1.16,0.3137767609086452,0.16027333850641823,0.05721565584459873,True,PASS
SPACE_0001,space,0.17,0.2,1.18,0.3084585107237529,0.15748824949514245,0.07359853238151506,True,PASS
SPACE_0001,space,0.17,0.2,1.2,0.3033175355450237,0.15479599678424272,0.08943531303386643,True,PASS
SPACE_0001,space,0.17,0.25,0.8,0.4549763033175355,0.21792678045688857,0.28192223798169735,False,CD_OUT_OF_SPEC
SPACE_0001,space,0.17,0.25,0.82,0.4438793203097908,0.21310031233882312,0.2535312490519006,False,CD_OUT_OF_SPEC
SPACE_0001,space,0.17,0.25,0.84,0.4333107650643196,0.2083885370831978,0.22581492401881048,False,CD_OUT_OF_SPEC
SPACE_0001,space,0.17,0.25,0.86,0.42323377052794003,0.20365508276382654,0.19797107508133252,False,CD_OUT_OF_SPEC
SPACE_0001,space,0.17,0.25,0.88,0.41361482119775955,0.19913340304521748,0.17137295908951453,False,CD_OUT_OF_SPEC
SPACE_0001,space,0.17,0.25,0.9,0.40442338072669826,0.19481268686965725,0.14595698158621903,False,CD_OUT_OF_SPEC
SPACE_0001,space,0.17,0.25,0.92,0.3956315681022048,0.19067575437993994,0.12162208458788194,False,CD_OUT_OF_SPEC
SPACE_0001,space,0.17,0.25,0.94,0.3872138751638601,0.18639036810868426,0.09641393005108378,True,PASS
SPACE_0001,space,0.17,0.25,0.96,0.3791469194312796,0.18221210023678236,0.07183588374577851,True,PASS
SPACE_0001,space,0.17,0.25,0.98,0.3714092271979882,0.17820437391067484,0.048261023003969575,True,PASS
SPACE_0001,space,0.17,0.25,1.0,0.3639810426540284,0.1743569566376078,0.025629156691810557,True,PASS
SPACE_0001,space,0.17,0.25,1.02,0.35684415946473375,0.1706604184732936,0.003884814548785851,True,PASS
SPACE_0001,space,0.17,0.25,1.04,0.34998177178271966,0.1667479778463892,0.019129542080063597,True,PASS
SPACE_0001,space,0.17,0.25,1.06,0.34337834212644186,0.16290354276275854,0.04174386610142045,True,PASS
SPACE_0001,space,0.17,0.25,1.08,0.3370194839389152,0.15920149416370763,0.06352062256642578,True,PASS
SPACE_0001,space,0.17,0.25,1.1,0.3308918569582076,0.155634065513714,0.08450549697815299,True,PASS
SPACE_0001,space,0.17,0.25,1.12,0.32498307379823965,0.1521940450297914,0.10474091158946247,False,CD_OUT_OF_SPEC
SPACE_0001,space,0.17,0.25,1.14,0.31928161636318286,0.14869613292076717,0.12531686517195792,False,CD_OUT_OF_SPEC
SPACE_0001,space,0.17,0.25,1.16,0.3137767609086452,0.1450382781282057,0.14683365806937837,False,CD_OUT_OF_SPEC
SPACE_0001,space,0.17,0.25,1.18,0.3084585107237529,0.14148206057091878,0.16775258487694844,False,CD_OUT_OF_SPEC
SPACE_0001,space,0.17,0.25,1.2,0.3033175355450237,0.1380443835988734,0.18797421412427426,False,CD_OUT_OF_SPEC
SPACE_0001,space,0.17,0.3,0.8,0.4549763033175355,0.21090968427931148,0.2406452016430086,False,CD_OUT_OF_SPEC
SPACE_0001,space,0.17,0.3,0.82,0.4438793203097908,0.20511139292286126,0.2065376054285956,False,CD_OUT_OF_SPEC
SPACE_0001,space,0.17,0.3,0.84,0.4333107650643196,0.19947463351983932,0.17338019717552533,False,CD_OUT_OF_SPEC
SPACE_0001,space,0.17,0.3,0.86,0.42323377052794003,0.19410004897277106,0.14176499395747671,False,CD_OUT_OF_SPEC
SPACE_0001,space,0.17,0.3,0.88,0.41361482119775955,0.18875301631493568,0.11031186067609218,False,CD_OUT_OF_SPEC
SPACE_0001,space,0.17,0.3,0.9,0.40442338072669826,0.1834338564591682,0.07902268505393056,True,PASS
SPACE_0001,space,0.17,0.3,0.92,0.3956315681022048,0.17824467700951177,0.04849810005595152,True,PASS
SPACE_0001,space,0.17,0.3,0.94,0.3872138751638601,0.17323688494864944,0.019040499697937835,True,PASS
SPACE_0001,space,0.17,0.3,0.96,0.3791469194312796,0.1681700276007794,0.010764543524827141,True,PASS
SPACE_0001,space,0.17,0.3,0.98,0.3714092271979882,0.16318846617264987,0.04006784604323612,True,PASS
SPACE_0001,space,0.17,0.3,1.0,0.3639810426540284,0.15823744776231702,0.06919148375107644,True,PASS
SPACE_0001,space,0.17,0.3,1.02,0.35684415946473375,0.15336779555644312,0.09783649672680526,True,PASS
SPACE_0001,space,0.17,0.3,1.04,0.34998177178271966,0.14846015477484764,0.126704971912661,False,CD_OUT_OF_SPEC
SPACE_0001,space,0.17,0.3,1.06,0.34337834212644186,0.14372618538945114,0.15455185065028745,False,CD_OUT_OF_SPEC
SPACE_0001,space,0.17,0.3,1.08,0.3370194839389152,0.13883404025667415,0.1833291749607404,False,CD_OUT_OF_SPEC
SPACE_0001,space,0.17,0.3,1.1,0.3308918569582076,0.13394358053405442,0.21209658509379758,False,CD_OUT_OF_SPEC
SPACE_0001,space,0.17,0.3,1.12,0.32498307379823965,0.1290239366900997,0.24103566652882533,False,CD_OUT_OF_SPEC
SPACE_0001,space,0.17,0.3,1.14,0.31928161636318286,0.1242769119283916,0.2689593415976965,False,CD_OUT_OF_SPEC
SPACE_0001,space,0.17,0.3,1.16,0.3137767609086452,0.11943644849879766,0.2974326558894256,False,CD_OUT_OF_SPEC
SPACE_0001,space,0.17,0.3,1.18,0.3084585107237529,0.11431610144736196,0.32755234442728265,False,CD_OUT_OF_SPEC
SPACE_0001,space,0.17,0.3,1.2,0.3033175355450237,0.10919930575161337,0.3576511426375685,False,CD_OUT_OF_SPEC
SPACE_0001,space,0.17,0.35,0.8,0.4549763033175355,0.20045406494458418,0.1791415584975539,False,CD_OUT_OF_SPEC
SPACE_0001,space,0.17,0.35,0.82,0.4438793203097908,0.19327081338254454,0.13688713754437956,False,CD_OUT_OF_SPEC
SPACE_0001,space,0.17,0.35,0.84,0.4333107650643196,0.1863067102375114,0.09592182492653765,True,PASS
SPACE_0001,space,0.17,0.35,0.86,0.42323377052794003,0.1796117588764577,0.05653975809680989,True,PASS
SPACE_0001,space,0.17,0.35,0.88,0.41361482119775955,0.17251900078904786,0.014817651700281459,True,PASS
SPACE_0001,space,0.17,0.35,0.9,0.40442338072669826,0.16572455065611894,0.025149702022829862,True,PASS
SPACE_0001,space,0.17,0.35,0.92,0.3956315681022048,0.159114975914744,0.06402955344268245,True,PASS
SPACE_0001,space,0.17,0.35,0.94,0.3872138751638601,0.15199106393129827,0.10593491805118671,False,CD_OUT_OF_SPEC
SPACE_0001,space,0.17,0.35,0.96,0.3791469194312796,0.1451639816138301,0.1460942258009995,False,CD_OUT_OF_SPEC
SPACE_0001,space,0.17,0.35,0.98,0.3714092271979882,0.13832379498941444,0.18633061770932688,False,CD_OUT_OF_SPEC
SPACE_0001,space,0.17,0.35,1.0,0.3639810426540284,0.1310460164296063,0.22914107982584528,False,CD_OUT_OF_SPEC
SPACE_0001,space,0.17,0.35,1.02,0.35684415946473375,0.12397450550494118,0.2707382029121107,False,CD_OUT_OF_SPEC
SPACE_0001,space,0.17,0.35,1.04,0.34998177178271966,0.11657495747231825,0.31426495604518684,False,CD_OUT_OF_SPEC
SPACE_0001,space,0.17,0.35,1.06,0.34337834212644186,0.10882889505028041,0.3598300291159976,False,CD_OUT_OF_SPEC
SPACE_0001,space,0.17,0.35,1.08,0.3370194839389152,0.10084930980276892,0.40676876586606525,False,CD_OUT_OF_SPEC
SPACE_0001,space,0.17,0.35,1.1,0.3308918569582076,0.09268756708892886,0.4547790171239479,False,CD_OUT_OF_SPEC
SPACE_0001,space,0.17,0.35,1.12,0.32498307379823965,0.0835887441386746,0.50830150506662,False,CD_OUT_OF_SPEC
SPACE_0001,space,0.17,0.35,1.14,0.31928161636318286,0.0740863783507749,0.5641977744072065,False,CD_OUT_OF_SPEC
SPACE_0001,space,0.17,0.35,1.16,0.3137767609086452,0.06309291172196392,0.6288652251649182,False,CD_OUT_OF_SPEC
SPACE_0001,space,0.17,0.35,1.18,0.3084585107237529,0.05116149007782207,0.6990500583657525,False,CD_OUT_OF_SPEC
SPACE_0001,space,0.17,0.35,1.2,0.3033175355450237,0.03430607370403346,0.798199566446862,False,CD_OUT_OF_SPEC
SPACE_0001,space,0.17,0.4,0.8,0.4549763033175355,0.18401040456245518,0.0824141444850304,True,PASS
SPACE_0001,space,0.17,0.4,0.82,0.4438793203097908,0.17453482348997995,0.02667543229399964,True,PASS
SPACE_0001,space,0.17,0.4,0.84,0.4333107650643196,0.1648998455009641,0.030000908817858347,True,PASS
SPACE_0001,space,0.17,0.4,0.86,0.42323377052794003,0.15510770403745,0.08760174095617654,True,PASS
SPACE_0001,space,0.17,0.4,0.88,0.41361482119775955,0.14508049093100167,0.14658534746469612,False,CD_OUT_OF_SPEC
SPACE_0001,space,0.17,0.4,0.9,0.40442338072669826,0.13470993680572443,0.20758860702515045,False,CD_OUT_OF_SPEC
SPACE_0001,space,0.17,0.4,0.92,0.3956315681022048,0.12386453029447048,0.2713851159148796,False,CD_OUT_OF_SPEC
SPACE_0001,space,0.17,0.4,0.94,0.3872138751638601,0.1124086485541026,0.3387726555641024,False,CD_OUT_OF_SPEC
SPACE_0001,space,0.17,0.4,0.96,0.3791469194312796,0.10012245466510974,0.41104438432288387,False,CD_OUT_OF_SPEC
SPACE_0001,space,0.17,0.4,0.98,0.3714092271979882,0.0864511601897168,0.49146376358990124,False,CD_OUT_OF_SPEC
SPACE_0001,space,0.17,0.4,1.0,0.3639810426540284,0.07077864270979091,0.5836550428835829,False,CD_OUT_OF_SPEC
SPACE_0001,space,0.17,0.4,1.02,0.35684415946473375,0.051513566799021915,0.6969790188292829,False,CD_OUT_OF_SPEC
SPACE_0001,space,0.17,0.4,1.04,0.34998177178271966,nan,,False,BRIDGED
SPACE_0001,space,0.17,0.4,1.06,0.34337834212644186,nan,,False,BRIDGED
SPACE_0001,space,0.17,0.4,1.08,0.3370194839389152,nan,,False,BRIDGED
SPACE_0001,space,0.17,0.4,1.1,0.3308918569582076,nan,,False,BRIDGED
SPACE_0001,space,0.17,0.4,1.12,0.32498307379823965,nan,,False,BRIDGED
SPACE_0001,space,0.17,0.4,1.14,0.31928161636318286,nan,,False,BRIDGED
SPACE_0001,space,0.17,0.4,1.16,0.3137767609086452,nan,,False,BRIDGED
SPACE_0001,space,0.17,0.4,1.18,0.3084585107237529,nan,,False,BRIDGED
SPACE_0001,space,0.17,0.4,1.2,0.3033175355450237,nan,,False,BRIDGED
REFERENCE_ANCHOR,width,0.17,-0.4,0.8,0.4549763033175355,nan,,False,MISSING_FEATURE
REFERENCE_ANCHOR,width,0.17,-0.4,0.82,0.4438793203097908,nan,,False,MISSING_FEATURE
REFERENCE_ANCHOR,width,0.17,-0.4,0.84,0.4333107650643196,nan,,False,MISSING_FEATURE
REFERENCE_ANCHOR,width,0.17,-0.4,0.86,0.42323377052794003,nan,,False,MISSING_FEATURE
REFERENCE_ANCHOR,width,0.17,-0.4,0.88,0.41361482119775955,nan,,False,MISSING_FEATURE
REFERENCE_ANCHOR,width,0.17,-0.4,0.9,0.40442338072669826,0.0563729765556554,0.6683942555549682,False,CD_OUT_OF_SPEC
REFERENCE_ANCHOR,width,0.17,-0.4,0.92,0.3956315681022048,0.08303942043166479,0.5115328209902071,False,CD_OUT_OF_SPEC
REFERENCE_ANCHOR,width,0.17,-0.4,0.94,0.3872138751638601,0.10299054319000522,0.39417327535291047,False,CD_OUT_OF_SPEC
REFERENCE_ANCHOR,width,0.17,-0.4,0.96,0.3791469194312796,0.11978688854090029,0.29537124387705715,False,CD_OUT_OF_SPEC
REFERENCE_ANCHOR,width,0.17,-0.4,0.98,0.3714092271979882,0.13433488396619825,0.2097948001988339,False,CD_OUT_OF_SPEC
REFERENCE_ANCHOR,width,0.17,-0.4,1.0,0.3639810426540284,0.14770284956694946,0.13115970842970914,False,CD_OUT_OF_SPEC
REFERENCE_ANCHOR,width,0.17,-0.4,1.02,0.35684415946473375,0.1601756826828983,0.057790101865304144,True,PASS
REFERENCE_ANCHOR,width,0.17,-0.4,1.04,0.34998177178271966,0.17175502242372603,0.01032366131603542,True,PASS
REFERENCE_ANCHOR,width,0.17,-0.4,1.06,0.34337834212644186,0.1828887384013708,0.07581610824335752,True,PASS
REFERENCE_ANCHOR,width,0.17,-0.4,1.08,0.3370194839389152,0.1935787618802912,0.13869859929583045,False,CD_OUT_OF_SPEC
REFERENCE_ANCHOR,width,0.17,-0.4,1.1,0.3308918569582076,0.2040037429235329,0.2000220171972523,False,CD_OUT_OF_SPEC
REFERENCE_ANCHOR,width,0.17,-0.4,1.12,0.32498307379823965,0.21423817017330915,0.2602245304312302,False,CD_OUT_OF_SPEC
REFERENCE_ANCHOR,width,0.17,-0.4,1.14,0.31928161636318286,0.22440878074613543,0.3200516514478554,False,CD_OUT_OF_SPEC
REFERENCE_ANCHOR,width,0.17,-0.4,1.16,0.3137767609086452,0.23460263100332368,0.3800154764901392,False,CD_OUT_OF_SPEC
REFERENCE_ANCHOR,width,0.17,-0.4,1.18,0.3084585107237529,0.24499613761904995,0.4411537507002937,False,CD_OUT_OF_SPEC
REFERENCE_ANCHOR,width,0.17,-0.4,1.2,0.3033175355450237,0.2556531344283661,0.503841967225683,False,CD_OUT_OF_SPEC
REFERENCE_ANCHOR,width,0.17,-0.35,0.8,0.4549763033175355,nan,,False,MISSING_FEATURE
REFERENCE_ANCHOR,width,0.17,-0.35,0.82,0.4438793203097908,0.017056153215386755,0.8996696869683132,False,CD_OUT_OF_SPEC
REFERENCE_ANCHOR,width,0.17,-0.35,0.84,0.4333107650643196,0.055713443174795124,0.6722738636776757,False,CD_OUT_OF_SPEC
REFERENCE_ANCHOR,width,0.17,-0.35,0.86,0.42323377052794003,0.0765708088789829,0.5495834771824535,False,CD_OUT_OF_SPEC
REFERENCE_ANCHOR,width,0.17,-0.35,0.88,0.41361482119775955,0.09281109778616205,0.4540523659637527,False,CD_OUT_OF_SPEC
REFERENCE_ANCHOR,width,0.17,-0.35,0.9,0.40442338072669826,0.10635442338294933,0.3743857448061805,False,CD_OUT_OF_SPEC
REFERENCE_ANCHOR,width,0.17,-0.35,0.92,0.3956315681022048,0.11820024113957339,0.30470446388486244,False,CD_OUT_OF_SPEC
REFERENCE_ANCHOR,width,0.17,-0.35,0.94,0.3872138751638601,0.12897857056127887,0.24130252611012434,False,CD_OUT_OF_SPEC
REFERENCE_ANCHOR,width,0.17,-0.35,0.96,0.3791469194312796,0.13881959102698938,0.18341417042947433,False,CD_OUT_OF_SPEC
REFERENCE_ANCHOR,width,0.17,-0.35,0.98,0.3714092271979882,0.1479976122884798,0.12942581006776596,False,CD_OUT_OF_SPEC
REFERENCE_ANCHOR,width,0.17,-0.35,1.0,0.3639810426540284,0.15660529658250447,0.07879237304409144,True,PASS
REFERENCE_ANCHOR,width,0.17,-0.35,1.02,0.35684415946473375,0.16474442300012204,0.030915158822811584,True,PASS
REFERENCE_ANCHOR,width,0.17,-0.35,1.04,0.34998177178271966,0.17249712479584278,0.01468896938731041,True,PASS
REFERENCE_ANCHOR,width,0.17,-0.35,1.06,0.34337834212644186,0.17993590993709746,0.05844652904174969,True,PASS
REFERENCE_ANCHOR,width,0.17,-0.35,1.08,0.3370194839389152,0.18710548033363628,0.10062047255080155,False,CD_OUT_OF_SPEC
REFERENCE_ANCHOR,width,0.17,-0.35,1.1,0.3308918569582076,0.19404441439106546,0.14143773171214966,False,CD_OUT_OF_SPEC
REFERENCE_ANCHOR,width,0.17,-0.35,1.12,0.32498307379823965,0.20080094932230946,0.18118205483711441,False,CD_OUT_OF_SPEC
REFERENCE_ANCHOR,width,0.17,-0.35,1.14,0.31928161636318286,0.2074172737041085,0.2201016100241676,False,CD_OUT_OF_SPEC
REFERENCE_ANCHOR,width,0.17,-0.35,1.16,0.3137767609086452,0.21388524426574285,0.2581484956808402,False,CD_OUT_OF_SPEC
REFERENCE_ANCHOR,width,0.17,-0.35,1.18,0.3084585107237529,0.2202550813109187,0.2956181253583452,False,CD_OUT_OF_SPEC
REFERENCE_ANCHOR,width,0.17,-0.35,1.2,0.3033175355450237,0.22661111595082878,0.3330065644166398,False,CD_OUT_OF_SPEC
REFERENCE_ANCHOR,width,0.17,-0.3,0.8,0.4549763033175355,0.06924506057299157,0.5926761142765202,False,CD_OUT_OF_SPEC
REFERENCE_ANCHOR,width,0.17,-0.3,0.82,0.4438793203097908,0.08383924010528615,0.5068279993806697,False,CD_OUT_OF_SPEC
REFERENCE_ANCHOR,width,0.17,-0.3,0.84,0.4333107650643196,0.0963364786681296,0.4333148313639436,False,CD_OUT_OF_SPEC
REFERENCE_ANCHOR,width,0.17,-0.3,0.86,0.42323377052794003,0.10730831408145113,0.3687746230502875,False,CD_OUT_OF_SPEC
REFERENCE_ANCHOR,width,0.17,-0.3,0.88,0.41361482119775955,0.11688768211989153,0.3124253992947557,False,CD_OUT_OF_SPEC
REFERENCE_ANCHOR,width,0.17,-0.3,0.9,0.40442338072669826,0.1257462352871973,0.26031626301648647,False,CD_OUT_OF_SPEC
REFERENCE_ANCHOR,width,0.17,-0.3,0.92,0.3956315681022048,0.1338936840441785,0.21239009385777355,False,CD_OUT_OF_SPEC
REFERENCE_ANCHOR,width,0.17,-0.3,0.94,0.3872138751638601,0.1413819934136003,0.1683412152141159,False,CD_OUT_OF_SPEC
REFERENCE_ANCHOR,width,0.17,-0.3,0.96,0.3791469194312796,0.14854916662624912,0.12618137278676994,False,CD_OUT_OF_SPEC
REFERENCE_ANCHOR,width,0.17,-0.3,0.98,0.3714092271979882,0.15520424600524466,0.08703384702797268,True,PASS
REFERENCE_ANCHOR,width,0.17,-0.3,1.0,0.3639810426540284,0.16152727505648412,0.04983955849126995,True,PASS
REFERENCE_ANCHOR,width,0.17,-0.3,1.02,0.35684415946473375,0.16760234218414527,0.014103869505027896,True,PASS
REFERENCE_ANCHOR,width,0.17,-0.3,1.04,0.34998177178271966,0.1734021702275832,0.020012766044606965,True,PASS
REFERENCE_ANCHOR,width,0.17,-0.3,1.06,0.34337834212644186,0.17896380090429242,0.05272824061348478,True,PASS
REFERENCE_ANCHOR,width,0.17,-0.3,1.08,0.3370194839389152,0.18431944525965416,0.08423203093914203,True,PASS
REFERENCE_ANCHOR,width,0.17,-0.3,1.1,0.3308918569582076,0.1894984933697295,0.11469701982193808,False,CD_OUT_OF_SPEC
REFERENCE_ANCHOR,width,0.17,-0.3,1.12,0.32498307379823965,0.1945508032186376,0.14441648952139757,False,CD_OUT_OF_SPEC
REFERENCE_ANCHOR,width,0.17,-0.3,1.14,0.31928161636318286,0.1994635154288918,0.17331479664053986,False,CD_OUT_OF_SPEC
REFERENCE_ANCHOR,width,0.17,-0.3,1.16,0.3137767609086452,0.20420682376981775,0.20121661041069255,False,CD_OUT_OF_SPEC
REFERENCE_ANCHOR,width,0.17,-0.3,1.18,0.3084585107237529,0.20882911387663178,0.22840655221548095,False,CD_OUT_OF_SPEC
REFERENCE_ANCHOR,width,0.17,-0.3,1.2,0.3033175355450237,0.21339908375243838,0.25528872795551977,False,CD_OUT_OF_SPEC
REFERENCE_ANCHOR,width,0.17,-0.25,0.8,0.4549763033175355,0.0963953598006366,0.4329684717609612,False,CD_OUT_OF_SPEC
REFERENCE_ANCHOR,width,0.17,-0.25,0.82,0.4438793203097908,0.10606733425287265,0.3760745043948668,False,CD_OUT_OF_SPEC
REFERENCE_ANCHOR,width,0.17,-0.25,0.84,0.4333107650643196,0.11467757791620964,0.32542601225759044,False,CD_OUT_OF_SPEC
REFERENCE_ANCHOR,width,0.17,-0.25,0.86,0.42323377052794003,0.12246123468346774,0.2796397959796016,False,CD_OUT_OF_SPEC
REFERENCE_ANCHOR,width,0.17,-0.25,0.88,0.41361482119775955,0.12989108887039585,0.23593477135061267,False,CD_OUT_OF_SPEC
REFERENCE_ANCHOR,width,0.17,-0.25,0.9,0.40442338072669826,0.13646135544125,0.19728614446323542,False,CD_OUT_OF_SPEC
REFERENCE_ANCHOR,width,0.17,-0.25,0.92,0.3956315681022048,0.1427381409523732,0.16036387675074598,False,CD_OUT_OF_SPEC
REFERENCE_ANCHOR,width,0.17,-0.25,0.94,0.3872138751638601,0.14874782920769958,0.12501276936647313,False,CD_OUT_OF_SPEC
REFERENCE_ANCHOR,width,0.17,-0.25,0.96,0.3791469194312796,0.15431946043226788,0.09223846804548312,True,PASS
REFERENCE_ANCHOR,width,0.17,-0.25,0.98,0.3714092271979882,0.15961361070551539,0.06109640761461545,True,PASS
REFERENCE_ANCHOR,width,0.17,-0.25,1.0,0.3639810426540284,0.1646959949678341,0.031200029600975936,True,PASS
REFERENCE_ANCHOR,width,0.17,-0.25,1.02,0.35684415946473375,0.1695790700433893,0.0024760585682983625,True,PASS
REFERENCE_ANCHOR,width,0.17,-0.25,1.04,0.34998177178271966,0.17423628384176099,0.024919316716241022,True,PASS
REFERENCE_ANCHOR,width,0.17,-0.25,1.06,0.34337834212644186,0.17871440555689977,0.05126120915823386,True,PASS
REFERENCE_ANCHOR,width,0.17,-0.25,1.08,0.3370194839389152,0.18302667091221858,0.07662747595422686,True,PASS
REFERENCE_ANCHOR,width,0.17,-0.25,1.1,0.3308918569582076,0.1871821266182626,0.10107133304860352,False,CD_OUT_OF_SPEC
REFERENCE_ANCHOR,width,0.17,-0.25,1.12,0.32498307379823965,0.19121790496139876,0.12481120565528675,False,CD_OUT_OF_SPEC
REFERENCE_ANCHOR,width,0.17,-0.25,1.14,0.31928161636318286,0.195181097272117,0.14812410160068812,False,CD_OUT_OF_SPEC
REFERENCE_ANCHOR,width,0.17,-0.25,1.16,0.3137767609086452,0.19900762777902098,0.17063310458247627,False,CD_OUT_OF_SPEC
REFERENCE_ANCHOR,width,0.17,-0.25,1.18,0.3084585107237529,0.20270444538738291,0.19237909051401705,False,CD_OUT_OF_SPEC
REFERENCE_ANCHOR,width,0.17,-0.25,1.2,0.3033175355450237,0.20627803574212983,0.21340021024782244,False,CD_OUT_OF_SPEC
REFERENCE_ANCHOR,width,0.17,-0.2,0.8,0.4549763033175355,0.11105124201572897,0.3467573999074767,False,CD_OUT_OF_SPEC
REFERENCE_ANCHOR,width,0.17,-0.2,0.82,0.4438793203097908,0.11832059877122088,0.3039964778163478,False,CD_OUT_OF_SPEC
REFERENCE_ANCHOR,width,0.17,-0.2,0.84,0.4333107650643196,0.12523795649217143,0.2633061382813446,False,CD_OUT_OF_SPEC
REFERENCE_ANCHOR,width,0.17,-0.2,0.86,0.42323377052794003,0.13169324301033802,0.2253338646450705,False,CD_OUT_OF_SPEC
REFERENCE_ANCHOR,width,0.17,-0.2,0.88,0.41361482119775955,0.1375170848153638,0.1910759716743307,False,CD_OUT_OF_SPEC
REFERENCE_ANCHOR,width,0.17,-0.2,0.9,0.40442338072669826,0.14308208920683388,0.15834065172450665,False,CD_OUT_OF_SPEC
REFERENCE_ANCHOR,width,0.17,-0.2,0.92,0.3956315681022048,0.14840513688563173,0.12702860655510756,False,CD_OUT_OF_SPEC
REFERENCE_ANCHOR,width,0.17,-0.2,0.94,0.3872138751638601,0.1533575840507257,0.09789656440749599,True,PASS
REFERENCE_ANCHOR,width,0.17,-0.2,0.96,0.3791469194312796,0.15804273791678064,0.07033683578364336,True,PASS
REFERENCE_ANCHOR,width,0.17,-0.2,0.98,0.3714092271979882,0.16253666101279118,0.04390199404240487,True,PASS
REFERENCE_ANCHOR,width,0.17,-0.2,1.0,0.3639810426540284,0.16685082718496136,0.018524545970815605,True,PASS
REFERENCE_ANCHOR,width,0.17,-0.2,1.02,0.35684415946473375,0.17098777749920288,0.005810455877663934,True,PASS
REFERENCE_ANCHOR,width,0.17,-0.2,1.04,0.34998177178271966,0.17494225082098297,0.029072063652840922,True,PASS
REFERENCE_ANCHOR,width,0.17,-0.2,1.06,0.34337834212644186,0.17874749873439927,0.05145587490823091,True,PASS
REFERENCE_ANCHOR,width,0.17,-0.2,1.08,0.3370194839389152,0.1824118115399042,0.07301065611708352,True,PASS
REFERENCE_ANCHOR,width,0.17,-0.2,1.1,0.3308918569582076,0.18594287660702752,0.0937816271001618,True,PASS
REFERENCE_ANCHOR,width,0.17,-0.2,1.12,0.32498307379823965,0.1893484613085475,0.11381447828557338,False,CD_OUT_OF_SPEC
REFERENCE_ANCHOR,width,0.17,-0.2,1.14,0.31928161636318286,0.19270299256644163,0.1335470150967154,False,CD_OUT_OF_SPEC
REFERENCE_ANCHOR,width,0.17,-0.2,1.16,0.3137767609086452,0.1959583646250603,0.15269626250035465,False,CD_OUT_OF_SPEC
REFERENCE_ANCHOR,width,0.17,-0.2,1.18,0.3084585107237529,0.1991033850884647,0.1711963828733217,False,CD_OUT_OF_SPEC
REFERENCE_ANCHOR,width,0.17,-0.2,1.2,0.3033175355450237,0.20214357153641388,0.1890798325671404,False,CD_OUT_OF_SPEC
REFERENCE_ANCHOR,width,0.17,-0.15,0.8,0.4549763033175355,0.11948363262281148,0.2971551022187561,False,CD_OUT_OF_SPEC
REFERENCE_ANCHOR,width,0.17,-0.15,0.82,0.4438793203097908,0.1259189108800445,0.25930052423503236,False,CD_OUT_OF_SPEC
REFERENCE_ANCHOR,width,0.17,-0.15,0.84,0.4333107650643196,0.13188911471124093,0.22418167816917106,False,CD_OUT_OF_SPEC
REFERENCE_ANCHOR,width,0.17,-0.15,0.86,0.42323377052794003,0.137297487099446,0.19236772294443533,False,CD_OUT_OF_SPEC
REFERENCE_ANCHOR,width,0.17,-0.15,0.88,0.41361482119775955,0.14246002437911237,0.1619998565934567,False,CD_OUT_OF_SPEC
REFERENCE_ANCHOR,width,0.17,-0.15,0.9,0.40442338072669826,0.14739311555745532,0.13298167319143933,False,CD_OUT_OF_SPEC
REFERENCE_ANCHOR,width,0.17,-0.15,0.92,0.3956315681022048,0.15202325412583362,0.10574556396568467,False,CD_OUT_OF_SPEC
REFERENCE_ANCHOR,width,0.17,-0.15,0.94,0.3872138751638601,0.1563595016626071,0.080238225514076,True,PASS
REFERENCE_ANCHOR,width,0.17,-0.15,0.96,0.3791469194312796,0.16051507221867767,0.0557936928313079,True,PASS
REFERENCE_ANCHOR,width,0.17,-0.15,0.98,0.3714092271979882,0.16450102765000657,0.03234689617643201,True,PASS
REFERENCE_ANCHOR,width,0.17,-0.15,1.0,0.3639810426540284,0.16832754486409274,0.009837971387689852,True,PASS
REFERENCE_ANCHOR,width,0.17,-0.15,1.02,0.35684415946473375,0.17198814742957097,0.011694984879829163,True,PASS
REFERENCE_ANCHOR,width,0.17,-0.15,1.04,0.34998177178271966,0.1754979476370651,0.0323408684533241,True,PASS
REFERENCE_ANCHOR,width,0.17,-0.15,1.06,0.34337834212644186,0.17887530255371215,0.052207662080659606,True,PASS
REFERENCE_ANCHOR,width,0.17,-0.15,1.08,0.3370194839389152,0.18212757025122328,0.07133864853660746,True,PASS
REFERENCE_ANCHOR,width,0.17,-0.15,1.1,0.3308918569582076,0.18526157366882484,0.0897739627577931,True,PASS
REFERENCE_ANCHOR,width,0.17,-0.15,1.12,0.32498307379823965,0.1882836483929422,0.10755087289965995,False,CD_OUT_OF_SPEC
REFERENCE_ANCHOR,width,0.17,-0.15,1.14,0.31928161636318286,0.19123631630502136,0.12491950767659615,False,CD_OUT_OF_SPEC
REFERENCE_ANCHOR,width,0.17,-0.15,1.16,0.3137767609086452,0.19412385027480608,0.14190500161650627,False,CD_OUT_OF_SPEC
REFERENCE_ANCHOR,width,0.17,-0.15,1.18,0.3084585107237529,0.19691727311027973,0.15833690064870423,False,CD_OUT_OF_SPEC
REFERENCE_ANCHOR,width,0.17,-0.15,1.2,0.3033175355450237,0.19961758185123774,0.17422106971316306,False,CD_OUT_OF_SPEC
REFERENCE_ANCHOR,width,0.17,-0.1,0.8,0.4549763033175355,0.124754580315866,0.26614952755372945,False,CD_OUT_OF_SPEC
REFERENCE_ANCHOR,width,0.17,-0.1,0.82,0.4438793203097908,0.13056285058177242,0.23198323187192701,False,CD_OUT_OF_SPEC
REFERENCE_ANCHOR,width,0.17,-0.1,0.84,0.4333107650643196,0.13584197762840894,0.20092954336230043,False,CD_OUT_OF_SPEC
REFERENCE_ANCHOR,width,0.17,-0.1,0.86,0.42323377052794003,0.1408218072207655,0.1716364281131441,False,CD_OUT_OF_SPEC
REFERENCE_ANCHOR,width,0.17,-0.1,0.88,0.41361482119775955,0.14557528092256702,0.14367481810254698,False,CD_OUT_OF_SPEC
REFERENCE_ANCHOR,width,0.17,-0.1,0.9,0.40442338072669826,0.15006941578192295,0.11723873069457091,False,CD_OUT_OF_SPEC
REFERENCE_ANCHOR,width,0.17,-0.1,0.92,0.3956315681022048,0.15427892701798596,0.09247689989420033,True,PASS
REFERENCE_ANCHOR,width,0.17,-0.1,0.94,0.3872138751638601,0.1582730067830202,0.06898231304105773,True,PASS
REFERENCE_ANCHOR,width,0.17,-0.1,0.96,0.3791469194312796,0.16210066655786182,0.04646666730669526,True,PASS
REFERENCE_ANCHOR,width,0.17,-0.1,0.98,0.3714092271979882,0.16577209532147452,0.024870027520738178,True,PASS
REFERENCE_ANCHOR,width,0.17,-0.1,1.0,0.3639810426540284,0.16929117606675553,0.004169552548496935,True,PASS
REFERENCE_ANCHOR,width,0.17,-0.1,1.02,0.35684415946473375,0.1726621077246046,0.015659457203556444,True,PASS
REFERENCE_ANCHOR,width,0.17,-0.1,1.04,0.34998177178271966,0.17589626475480108,0.034683910322359214,True,PASS
REFERENCE_ANCHOR,width,0.17,-0.1,1.06,0.34337834212644186,0.17900837812347886,0.05299045954987558,True,PASS
REFERENCE_ANCHOR,width,0.17,-0.1,1.08,0.3370194839389152,0.18200522803405894,0.07061898843564075,True,PASS
REFERENCE_ANCHOR,width,0.17,-0.1,1.1,0.3308918569582076,0.18489310158425315,0.08760647990737139,True,PASS
REFERENCE_ANCHOR,width,0.17,-0.1,1.12,0.32498307379823965,0.18767783679337133,0.10398727525512538,False,CD_OUT_OF_SPEC
REFERENCE_ANCHOR,width,0.17,-0.1,1.14,0.31928161636318286,0.1903971946768463,0.11998349809909577,False,CD_OUT_OF_SPEC
REFERENCE_ANCHOR,width,0.17,-0.1,1.16,0.3137767609086452,0.193040119670429,0.1355301157084058,False,CD_OUT_OF_SPEC
REFERENCE_ANCHOR,width,0.17,-0.1,1.18,0.3084585107237529,0.19561532294927042,0.15067837028982592,False,CD_OUT_OF_SPEC
REFERENCE_ANCHOR,width,0.17,-0.1,1.2,0.3033175355450237,0.19810468611881749,0.16532168305186748,False,CD_OUT_OF_SPEC
REFERENCE_ANCHOR,width,0.17,-0.05,0.8,0.4549763033175355,0.12765600004839142,0.2490823526565211,False,CD_OUT_OF_SPEC
REFERENCE_ANCHOR,width,0.17,-0.05,0.82,0.4438793203097908,0.13305098011037464,0.2173471758213257,False,CD_OUT_OF_SPEC
REFERENCE_ANCHOR,width,0.17,-0.05,0.84,0.4333107650643196,0.1380277313330643,0.1880721686290335,False,CD_OUT_OF_SPEC
REFERENCE_ANCHOR,width,0.17,-0.05,0.86,0.42323377052794003,0.14277300575469326,0.160158789678275,False,CD_OUT_OF_SPEC
REFERENCE_ANCHOR,width,0.17,-0.05,0.88,0.41361482119775955,0.1473025858844329,0.13351420067980652,False,CD_OUT_OF_SPEC
REFERENCE_ANCHOR,width,0.17,-0.05,0.9,0.40442338072669826,0.15154511429771392,0.1085581511899182,False,CD_OUT_OF_SPEC
REFERENCE_ANCHOR,width,0.17,-0.05,0.92,0.3956315681022048,0.15553537748176272,0.08508601481316057,True,PASS
REFERENCE_ANCHOR,width,0.17,-0.05,0.94,0.3872138751638601,0.15934206879197113,0.06269371298840518,True,PASS
REFERENCE_ANCHOR,width,0.17,-0.05,0.96,0.3791469194312796,0.16299014796425826,0.04123442373965737,True,PASS
REFERENCE_ANCHOR,width,0.17,-0.05,0.98,0.3714092271979882,0.16648932594584975,0.0206510238479427,True,PASS
REFERENCE_ANCHOR,width,0.17,-0.05,1.0,0.3639810426540284,0.1698397282779615,0.0009427748355205995,True,PASS
REFERENCE_ANCHOR,width,0.17,-0.05,1.02,0.35684415946473375,0.17305225855893577,0.017954462111386828,True,PASS
REFERENCE_ANCHOR,width,0.17,-0.05,1.04,0.34998177178271966,0.17613536019719755,0.036090354101162014,True,PASS
REFERENCE_ANCHOR,width,0.17,-0.05,1.06,0.34337834212644186,0.17910211837742396,0.05354187280837615,True,PASS
REFERENCE_ANCHOR,width,0.17,-0.05,1.08,0.3370194839389152,0.18195899662504916,0.07034703897087735,True,PASS
REFERENCE_ANCHOR,width,0.17,-0.05,1.1,0.3308918569582076,0.1847119883909233,0.08654110818190161,True,PASS
REFERENCE_ANCHOR,width,0.17,-0.05,1.12,0.32498307379823965,0.18736665902231803,0.10215681777834126,False,CD_OUT_OF_SPEC
REFERENCE_ANCHOR,width,0.17,-0.05,1.14,0.31928161636318286,0.18995849284187455,0.11740289906985021,False,CD_OUT_OF_SPEC
REFERENCE_ANCHOR,width,0.17,-0.05,1.16,0.3137767609086452,0.1924670261071308,0.13215897710076926,False,CD_OUT_OF_SPEC
REFERENCE_ANCHOR,width,0.17,-0.05,1.18,0.3084585107237529,0.19492255478597442,0.14660326344690827,False,CD_OUT_OF_SPEC
REFERENCE_ANCHOR,width,0.17,-0.05,1.2,0.3033175355450237,0.19729623250885592,0.16056607358150532,False,CD_OUT_OF_SPEC
REFERENCE_ANCHOR,width,0.17,0.0,0.8,0.4549763033175355,0.12854688850813123,0.24384183230511047,False,CD_OUT_OF_SPEC
REFERENCE_ANCHOR,width,0.17,0.0,0.82,0.4438793203097908,0.13382968968277187,0.2127665312778126,False,CD_OUT_OF_SPEC
REFERENCE_ANCHOR,width,0.17,0.0,0.84,0.4333107650643196,0.1387280362630774,0.18395272786425068,False,CD_OUT_OF_SPEC
REFERENCE_ANCHOR,width,0.17,0.0,0.86,0.42323377052794003,0.1433985527698935,0.15647910135356774,False,CD_OUT_OF_SPEC
REFERENCE_ANCHOR,width,0.17,0.0,0.88,0.41361482119775955,0.14784966341440647,0.13029609756231492,False,CD_OUT_OF_SPEC
REFERENCE_ANCHOR,width,0.17,0.0,0.9,0.40442338072669826,0.15201898586119864,0.10577067140471397,False,CD_OUT_OF_SPEC
REFERENCE_ANCHOR,width,0.17,0.0,0.92,0.3956315681022048,0.15593942369828498,0.0827092723630296,True,PASS
REFERENCE_ANCHOR,width,0.17,0.0,0.94,0.3872138751638601,0.1596863740329845,0.060668388041267736,True,PASS
REFERENCE_ANCHOR,width,0.17,0.0,0.96,0.3791469194312796,0.1632772014370726,0.039545873899572946,True,PASS
REFERENCE_ANCHOR,width,0.17,0.0,0.98,0.3714092271979882,0.1667214644573221,0.01928550319222295,True,PASS
REFERENCE_ANCHOR,width,0.17,0.0,1.0,0.3639810426540284,0.17001807396233193,0.00010631742548185845,True,PASS
REFERENCE_ANCHOR,width,0.17,0.0,1.02,0.35684415946473375,0.17318010997410027,0.01870652925941329,True,PASS
REFERENCE_ANCHOR,width,0.17,0.0,1.04,0.34998177178271966,0.1762150392026936,0.036559054133491704,True,PASS
REFERENCE_ANCHOR,width,0.17,0.0,1.06,0.34337834212644186,0.17913544280003457,0.0537378988237327,True,PASS
REFERENCE_ANCHOR,width,0.17,0.0,1.08,0.3370194839389152,0.1819476833011789,0.07028049000693455,True,PASS
REFERENCE_ANCHOR,width,0.17,0.0,1.1,0.3308918569582076,0.18465766051135174,0.08622153241971604,True,PASS
REFERENCE_ANCHOR,width,0.17,0.0,1.12,0.32498307379823965,0.18727085282117528,0.10159325188926628,False,CD_OUT_OF_SPEC
REFERENCE_ANCHOR,width,0.17,0.0,1.14,0.31928161636318286,0.18982207365772727,0.11660043328074857,False,CD_OUT_OF_SPEC
REFERENCE_ANCHOR,width,0.17,0.0,1.16,0.3137767609086452,0.1922898767041697,0.1311169217892334,False,CD_OUT_OF_SPEC
REFERENCE_ANCHOR,width,0.17,0.0,1.18,0.3084585107237529,0.1947050545484497,0.1453238502849981,False,CD_OUT_OF_SPEC
REFERENCE_ANCHOR,width,0.17,0.0,1.2,0.3033175355450237,0.1970418268994829,0.1590695699969582,False,CD_OUT_OF_SPEC
REFERENCE_ANCHOR,width,0.17,0.05,0.8,0.4549763033175355,0.12765600004839142,0.2490823526565211,False,CD_OUT_OF_SPEC
REFERENCE_ANCHOR,width,0.17,0.05,0.82,0.4438793203097908,0.1330509801103746,0.21734717582132587,False,CD_OUT_OF_SPEC
REFERENCE_ANCHOR,width,0.17,0.05,0.84,0.4333107650643196,0.13802773133306434,0.18807216862903334,False,CD_OUT_OF_SPEC
REFERENCE_ANCHOR,width,0.17,0.05,0.86,0.42323377052794003,0.14277300575469326,0.160158789678275,False,CD_OUT_OF_SPEC
REFERENCE_ANCHOR,width,0.17,0.05,0.88,0.41361482119775955,0.1473025858844329,0.13351420067980652,False,CD_OUT_OF_SPEC
REFERENCE_ANCHOR,width,0.17,0.05,0.9,0.40442338072669826,0.15154511429771395,0.10855815118991803,False,CD_OUT_OF_SPEC
REFERENCE_ANCHOR,width,0.17,0.05,0.92,0.3956315681022048,0.15553537748176272,0.08508601481316057,True,PASS
REFERENCE_ANCHOR,width,0.17,0.05,0.94,0.3872138751638601,0.15934206879197113,0.06269371298840518,True,PASS
REFERENCE_ANCHOR,width,0.17,0.05,0.96,0.3791469194312796,0.16299014796425823,0.041234423739657536,True,PASS
REFERENCE_ANCHOR,width,0.17,0.05,0.98,0.3714092271979882,0.16648932594584975,0.0206510238479427,True,PASS
REFERENCE_ANCHOR,width,0.17,0.05,1.0,0.3639810426540284,0.1698397282779615,0.0009427748355205995,True,PASS
REFERENCE_ANCHOR,width,0.17,0.05,1.02,0.35684415946473375,0.17305225855893577,0.017954462111386828,True,PASS
REFERENCE_ANCHOR,width,0.17,0.05,1.04,0.34998177178271966,0.17613536019719755,0.036090354101162014,True,PASS
REFERENCE_ANCHOR,width,0.17,0.05,1.06,0.34337834212644186,0.17910211837742396,0.05354187280837615,True,PASS
REFERENCE_ANCHOR,width,0.17,0.05,1.08,0.3370194839389152,0.18195899662504916,0.07034703897087735,True,PASS
REFERENCE_ANCHOR,width,0.17,0.05,1.1,0.3308918569582076,0.1847119883909233,0.08654110818190161,True,PASS
REFERENCE_ANCHOR,width,0.17,0.05,1.12,0.32498307379823965,0.18736665902231803,0.10215681777834126,False,CD_OUT_OF_SPEC
REFERENCE_ANCHOR,width,0.17,0.05,1.14,0.31928161636318286,0.18995849284187455,0.11740289906985021,False,CD_OUT_OF_SPEC
REFERENCE_ANCHOR,width,0.17,0.05,1.16,0.3137767609086452,0.1924670261071308,0.13215897710076926,False,CD_OUT_OF_SPEC
REFERENCE_ANCHOR,width,0.17,0.05,1.18,0.3084585107237529,0.19492255478597442,0.14660326344690827,False,CD_OUT_OF_SPEC
REFERENCE_ANCHOR,width,0.17,0.05,1.2,0.3033175355450237,0.19729623250885592,0.16056607358150532,False,CD_OUT_OF_SPEC
REFERENCE_ANCHOR,width,0.17,0.1,0.8,0.4549763033175355,0.12475458031586603,0.2661495275537293,False,CD_OUT_OF_SPEC
REFERENCE_ANCHOR,width,0.17,0.1,0.82,0.4438793203097908,0.13056285058177247,0.23198323187192668,False,CD_OUT_OF_SPEC
REFERENCE_ANCHOR,width,0.17,0.1,0.84,0.4333107650643196,0.13584197762840894,0.20092954336230043,False,CD_OUT_OF_SPEC
REFERENCE_ANCHOR,width,0.17,0.1,0.86,0.42323377052794003,0.14082180722076554,0.17163642811314395,False,CD_OUT_OF_SPEC
REFERENCE_ANCHOR,width,0.17,0.1,0.88,0.41361482119775955,0.145575280922567,0.14367481810254715,False,CD_OUT_OF_SPEC
REFERENCE_ANCHOR,width,0.17,0.1,0.9,0.40442338072669826,0.15006941578192295,0.11723873069457091,False,CD_OUT_OF_SPEC
REFERENCE_ANCHOR,width,0.17,0.1,0.92,0.3956315681022048,0.15427892701798596,0.09247689989420033,True,PASS
REFERENCE_ANCHOR,width,0.17,0.1,0.94,0.3872138751638601,0.15827300678302017,0.06898231304105788,True,PASS
REFERENCE_ANCHOR,width,0.17,0.1,0.96,0.3791469194312796,0.16210066655786182,0.04646666730669526,True,PASS
REFERENCE_ANCHOR,width,0.17,0.1,0.98,0.3714092271979882,0.16577209532147452,0.024870027520738178,True,PASS
REFERENCE_ANCHOR,width,0.17,0.1,1.0,0.3639810426540284,0.16929117606675553,0.004169552548496935,True,PASS
REFERENCE_ANCHOR,width,0.17,0.1,1.02,0.35684415946473375,0.1726621077246046,0.015659457203556444,True,PASS
REFERENCE_ANCHOR,width,0.17,0.1,1.04,0.34998177178271966,0.17589626475480108,0.034683910322359214,True,PASS
REFERENCE_ANCHOR,width,0.17,0.1,1.06,0.34337834212644186,0.17900837812347886,0.05299045954987558,True,PASS
REFERENCE_ANCHOR,width,0.17,0.1,1.08,0.3370194839389152,0.18200522803405894,0.07061898843564075,True,PASS
REFERENCE_ANCHOR,width,0.17,0.1,1.1,0.3308918569582076,0.18489310158425318,0.08760647990737155,True,PASS
REFERENCE_ANCHOR,width,0.17,0.1,1.12,0.32498307379823965,0.18767783679337133,0.10398727525512538,False,CD_OUT_OF_SPEC
REFERENCE_ANCHOR,width,0.17,0.1,1.14,0.31928161636318286,0.1903971946768463,0.11998349809909577,False,CD_OUT_OF_SPEC
REFERENCE_ANCHOR,width,0.17,0.1,1.16,0.3137767609086452,0.193040119670429,0.1355301157084058,False,CD_OUT_OF_SPEC
REFERENCE_ANCHOR,width,0.17,0.1,1.18,0.3084585107237529,0.1956153229492704,0.15067837028982575,False,CD_OUT_OF_SPEC
REFERENCE_ANCHOR,width,0.17,0.1,1.2,0.3033175355450237,0.19810468611881749,0.16532168305186748,False,CD_OUT_OF_SPEC
REFERENCE_ANCHOR,width,0.17,0.15,0.8,0.4549763033175355,0.11948363262281148,0.2971551022187561,False,CD_OUT_OF_SPEC
REFERENCE_ANCHOR,width,0.17,0.15,0.82,0.4438793203097908,0.12591891088004453,0.2593005242350322,False,CD_OUT_OF_SPEC
REFERENCE_ANCHOR,width,0.17,0.15,0.84,0.4333107650643196,0.13188911471124093,0.22418167816917106,False,CD_OUT_OF_SPEC
REFERENCE_ANCHOR,width,0.17,0.15,0.86,0.42323377052794003,0.13729748709944603,0.19236772294443516,False,CD_OUT_OF_SPEC
REFERENCE_ANCHOR,width,0.17,0.15,0.88,0.41361482119775955,0.14246002437911243,0.16199985659345637,False,CD_OUT_OF_SPEC
REFERENCE_ANCHOR,width,0.17,0.15,0.9,0.40442338072669826,0.14739311555745538,0.132981673191439,False,CD_OUT_OF_SPEC
REFERENCE_ANCHOR,width,0.17,0.15,0.92,0.3956315681022048,0.15202325412583365,0.1057455639656845,False,CD_OUT_OF_SPEC
REFERENCE_ANCHOR,width,0.17,0.15,0.94,0.3872138751638601,0.15635950166260715,0.08023822551407567,True,PASS
REFERENCE_ANCHOR,width,0.17,0.15,0.96,0.3791469194312796,0.16051507221867772,0.05579369283130758,True,PASS
REFERENCE_ANCHOR,width,0.17,0.15,0.98,0.3714092271979882,0.16450102765000663,0.03234689617643168,True,PASS
REFERENCE_ANCHOR,width,0.17,0.15,1.0,0.3639810426540284,0.16832754486409274,0.009837971387689852,True,PASS
REFERENCE_ANCHOR,width,0.17,0.15,1.02,0.35684415946473375,0.17198814742957097,0.011694984879829163,True,PASS
REFERENCE_ANCHOR,width,0.17,0.15,1.04,0.34998177178271966,0.1754979476370651,0.0323408684533241,True,PASS
REFERENCE_ANCHOR,width,0.17,0.15,1.06,0.34337834212644186,0.17887530255371212,0.05220766208065944,True,PASS
REFERENCE_ANCHOR,width,0.17,0.15,1.08,0.3370194839389152,0.18212757025122328,0.07133864853660746,True,PASS
REFERENCE_ANCHOR,width,0.17,0.15,1.1,0.3308918569582076,0.18526157366882484,0.0897739627577931,True,PASS
REFERENCE_ANCHOR,width,0.17,0.15,1.12,0.32498307379823965,0.1882836483929422,0.10755087289965995,False,CD_OUT_OF_SPEC
REFERENCE_ANCHOR,width,0.17,0.15,1.14,0.31928161636318286,0.19123631630502133,0.12491950767659599,False,CD_OUT_OF_SPEC
REFERENCE_ANCHOR,width,0.17,0.15,1.16,0.3137767609086452,0.19412385027480605,0.14190500161650613,False,CD_OUT_OF_SPEC
REFERENCE_ANCHOR,width,0.17,0.15,1.18,0.3084585107237529,0.19691727311027973,0.15833690064870423,False,CD_OUT_OF_SPEC
REFERENCE_ANCHOR,width,0.17,0.15,1.2,0.3033175355450237,0.19961758185123774,0.17422106971316306,False,CD_OUT_OF_SPEC
REFERENCE_ANCHOR,width,0.17,0.2,0.8,0.4549763033175355,0.11105124201572905,0.3467573999074762,False,CD_OUT_OF_SPEC
REFERENCE_ANCHOR,width,0.17,0.2,0.82,0.4438793203097908,0.11832059877122092,0.3039964778163476,False,CD_OUT_OF_SPEC
REFERENCE_ANCHOR,width,0.17,0.2,0.84,0.4333107650643196,0.12523795649217145,0.2633061382813444,False,CD_OUT_OF_SPEC
REFERENCE_ANCHOR,width,0.17,0.2,0.86,0.42323377052794003,0.13169324301033808,0.2253338646450702,False,CD_OUT_OF_SPEC
REFERENCE_ANCHOR,width,0.17,0.2,0.88,0.41361482119775955,0.13751708481536382,0.19107597167433055,False,CD_OUT_OF_SPEC
REFERENCE_ANCHOR,width,0.17,0.2,0.9,0.40442338072669826,0.1430820892068339,0.15834065172450648,False,CD_OUT_OF_SPEC
REFERENCE_ANCHOR,width,0.17,0.2,0.92,0.3956315681022048,0.14840513688563173,0.12702860655510756,False,CD_OUT_OF_SPEC
REFERENCE_ANCHOR,width,0.17,0.2,0.94,0.3872138751638601,0.15335758405072572,0.09789656440749582,True,PASS
REFERENCE_ANCHOR,width,0.17,0.2,0.96,0.3791469194312796,0.15804273791678064,0.07033683578364336,True,PASS
REFERENCE_ANCHOR,width,0.17,0.2,0.98,0.3714092271979882,0.16253666101279118,0.04390199404240487,True,PASS
REFERENCE_ANCHOR,width,0.17,0.2,1.0,0.3639810426540284,0.16685082718496133,0.018524545970815768,True,PASS
REFERENCE_ANCHOR,width,0.17,0.2,1.02,0.35684415946473375,0.17098777749920288,0.005810455877663934,True,PASS
REFERENCE_ANCHOR,width,0.17,0.2,1.04,0.34998177178271966,0.174942250820983,0.02907206365284109,True,PASS
REFERENCE_ANCHOR,width,0.17,0.2,1.06,0.34337834212644186,0.17874749873439927,0.05145587490823091,True,PASS
REFERENCE_ANCHOR,width,0.17,0.2,1.08,0.3370194839389152,0.1824118115399042,0.07301065611708352,True,PASS
REFERENCE_ANCHOR,width,0.17,0.2,1.1,0.3308918569582076,0.18594287660702752,0.0937816271001618,True,PASS
REFERENCE_ANCHOR,width,0.17,0.2,1.12,0.32498307379823965,0.18934846130854752,0.11381447828557355,False,CD_OUT_OF_SPEC
REFERENCE_ANCHOR,width,0.17,0.2,1.14,0.31928161636318286,0.19270299256644163,0.1335470150967154,False,CD_OUT_OF_SPEC
REFERENCE_ANCHOR,width,0.17,0.2,1.16,0.3137767609086452,0.1959583646250603,0.15269626250035465,False,CD_OUT_OF_SPEC
REFERENCE_ANCHOR,width,0.17,0.2,1.18,0.3084585107237529,0.1991033850884647,0.1711963828733217,False,CD_OUT_OF_SPEC
REFERENCE_ANCHOR,width,0.17,0.2,1.2,0.3033175355450237,0.2021435715364139,0.18907983256714056,False,CD_OUT_OF_SPEC
REFERENCE_ANCHOR,width,0.17,0.25,0.8,0.4549763033175355,0.09639535980063665,0.43296847176096087,False,CD_OUT_OF_SPEC
REFERENCE_ANCHOR,width,0.17,0.25,0.82,0.4438793203097908,0.10606733425287268,0.3760745043948666,False,CD_OUT_OF_SPEC
REFERENCE_ANCHOR,width,0.17,0.25,0.84,0.4333107650643196,0.11467757791620967,0.32542601225759027,False,CD_OUT_OF_SPEC
REFERENCE_ANCHOR,width,0.17,0.25,0.86,0.42323377052794003,0.12246123468346773,0.27963979597960165,False,CD_OUT_OF_SPEC
REFERENCE_ANCHOR,width,0.17,0.25,0.88,0.41361482119775955,0.12989108887039583,0.23593477135061283,False,CD_OUT_OF_SPEC
REFERENCE_ANCHOR,width,0.17,0.25,0.9,0.40442338072669826,0.13646135544124993,0.19728614446323575,False,CD_OUT_OF_SPEC
REFERENCE_ANCHOR,width,0.17,0.25,0.92,0.3956315681022048,0.14273814095237317,0.16036387675074615,False,CD_OUT_OF_SPEC
REFERENCE_ANCHOR,width,0.17,0.25,0.94,0.3872138751638601,0.14874782920769955,0.1250127693664733,False,CD_OUT_OF_SPEC
REFERENCE_ANCHOR,width,0.17,0.25,0.96,0.3791469194312796,0.15431946043226785,0.09223846804548329,True,PASS
REFERENCE_ANCHOR,width,0.17,0.25,0.98,0.3714092271979882,0.15961361070551539,0.06109640761461545,True,PASS
REFERENCE_ANCHOR,width,0.17,0.25,1.0,0.3639810426540284,0.16469599496783413,0.031200029600975773,True,PASS
REFERENCE_ANCHOR,width,0.17,0.25,1.02,0.35684415946473375,0.1695790700433893,0.0024760585682983625,True,PASS
REFERENCE_ANCHOR,width,0.17,0.25,1.04,0.34998177178271966,0.174236283841761,0.024919316716241185,True,PASS
REFERENCE_ANCHOR,width,0.17,0.25,1.06,0.34337834212644186,0.1787144055568998,0.051261209158234025,True,PASS
REFERENCE_ANCHOR,width,0.17,0.25,1.08,0.3370194839389152,0.18302667091221858,0.07662747595422686,True,PASS
REFERENCE_ANCHOR,width,0.17,0.25,1.1,0.3308918569582076,0.1871821266182626,0.10107133304860352,False,CD_OUT_OF_SPEC
REFERENCE_ANCHOR,width,0.17,0.25,1.12,0.32498307379823965,0.1912179049613988,0.1248112056552869,False,CD_OUT_OF_SPEC
REFERENCE_ANCHOR,width,0.17,0.25,1.14,0.31928161636318286,0.19518109727211702,0.14812410160068828,False,CD_OUT_OF_SPEC
REFERENCE_ANCHOR,width,0.17,0.25,1.16,0.3137767609086452,0.19900762777902103,0.1706331045824766,False,CD_OUT_OF_SPEC
REFERENCE_ANCHOR,width,0.17,0.25,1.18,0.3084585107237529,0.20270444538738291,0.19237909051401705,False,CD_OUT_OF_SPEC
REFERENCE_ANCHOR,width,0.17,0.25,1.2,0.3033175355450237,0.20627803574212983,0.21340021024782244,False,CD_OUT_OF_SPEC
REFERENCE_ANCHOR,width,0.17,0.3,0.8,0.4549763033175355,0.06924506057299154,0.5926761142765203,False,CD_OUT_OF_SPEC
REFERENCE_ANCHOR,width,0.17,0.3,0.82,0.4438793203097908,0.08383924010528615,0.5068279993806697,False,CD_OUT_OF_SPEC
REFERENCE_ANCHOR,width,0.17,0.3,0.84,0.4333107650643196,0.09633647866812964,0.43331483136394333,False,CD_OUT_OF_SPEC
REFERENCE_ANCHOR,width,0.17,0.3,0.86,0.42323377052794003,0.10730831408145115,0.36877462305028735,False,CD_OUT_OF_SPEC
REFERENCE_ANCHOR,width,0.17,0.3,0.88,0.41361482119775955,0.11688768211989153,0.3124253992947557,False,CD_OUT_OF_SPEC
REFERENCE_ANCHOR,width,0.17,0.3,0.9,0.40442338072669826,0.12574623528719733,0.2603162630164863,False,CD_OUT_OF_SPEC
REFERENCE_ANCHOR,width,0.17,0.3,0.92,0.3956315681022048,0.13389368404417856,0.21239009385777322,False,CD_OUT_OF_SPEC
REFERENCE_ANCHOR,width,0.17,0.3,0.94,0.3872138751638601,0.14138199341360036,0.1683412152141156,False,CD_OUT_OF_SPEC
REFERENCE_ANCHOR,width,0.17,0.3,0.96,0.3791469194312796,0.14854916662624917,0.12618137278676964,False,CD_OUT_OF_SPEC
REFERENCE_ANCHOR,width,0.17,0.3,0.98,0.3714092271979882,0.15520424600524474,0.08703384702797219,True,PASS
REFERENCE_ANCHOR,width,0.17,0.3,1.0,0.3639810426540284,0.16152727505648423,0.049839558491269295,True,PASS
REFERENCE_ANCHOR,width,0.17,0.3,1.02,0.35684415946473375,0.16760234218414533,0.014103869505027568,True,PASS
REFERENCE_ANCHOR,width,0.17,0.3,1.04,0.34998177178271966,0.1734021702275832,0.020012766044606965,True,PASS
REFERENCE_ANCHOR,width,0.17,0.3,1.06,0.34337834212644186,0.17896380090429245,0.05272824061348494,True,PASS
REFERENCE_ANCHOR,width,0.17,0.3,1.08,0.3370194839389152,0.1843194452596542,0.08423203093914235,True,PASS
REFERENCE_ANCHOR,width,0.17,0.3,1.1,0.3308918569582076,0.18949849336972946,0.11469701982193792,False,CD_OUT_OF_SPEC
REFERENCE_ANCHOR,width,0.17,0.3,1.12,0.32498307379823965,0.19455080321863763,0.14441648952139774,False,CD_OUT_OF_SPEC
REFERENCE_ANCHOR,width,0.17,0.3,1.14,0.31928161636318286,0.19946351542889176,0.1733147966405397,False,CD_OUT_OF_SPEC
REFERENCE_ANCHOR,width,0.17,0.3,1.16,0.3137767609086452,0.20420682376981775,0.20121661041069255,False,CD_OUT_OF_SPEC
REFERENCE_ANCHOR,width,0.17,0.3,1.18,0.3084585107237529,0.20882911387663178,0.22840655221548095,False,CD_OUT_OF_SPEC
REFERENCE_ANCHOR,width,0.17,0.3,1.2,0.3033175355450237,0.21339908375243835,0.2552887279555196,False,CD_OUT_OF_SPEC
REFERENCE_ANCHOR,width,0.17,0.35,0.8,0.4549763033175355,nan,,False,MISSING_FEATURE
REFERENCE_ANCHOR,width,0.17,0.35,0.82,0.4438793203097908,0.017056153215387036,0.8996696869683116,False,CD_OUT_OF_SPEC
REFERENCE_ANCHOR,width,0.17,0.35,0.84,0.4333107650643196,0.05571344317479526,0.6722738636776749,False,CD_OUT_OF_SPEC
REFERENCE_ANCHOR,width,0.17,0.35,0.86,0.42323377052794003,0.07657080887898288,0.5495834771824537,False,CD_OUT_OF_SPEC
REFERENCE_ANCHOR,width,0.17,0.35,0.88,0.41361482119775955,0.09281109778616214,0.45405236596375215,False,CD_OUT_OF_SPEC
REFERENCE_ANCHOR,width,0.17,0.35,0.9,0.40442338072669826,0.10635442338294937,0.3743857448061802,False,CD_OUT_OF_SPEC
REFERENCE_ANCHOR,width,0.17,0.35,0.92,0.3956315681022048,0.11820024113957339,0.30470446388486244,False,CD_OUT_OF_SPEC
REFERENCE_ANCHOR,width,0.17,0.35,0.94,0.3872138751638601,0.12897857056127876,0.24130252611012498,False,CD_OUT_OF_SPEC
REFERENCE_ANCHOR,width,0.17,0.35,0.96,0.3791469194312796,0.13881959102698926,0.18341417042947497,False,CD_OUT_OF_SPEC
REFERENCE_ANCHOR,width,0.17,0.35,0.98,0.3714092271979882,0.14799761228847977,0.12942581006776613,False,CD_OUT_OF_SPEC
REFERENCE_ANCHOR,width,0.17,0.35,1.0,0.3639810426540284,0.1566052965825045,0.07879237304409127,True,PASS
REFERENCE_ANCHOR,width,0.17,0.35,1.02,0.35684415946473375,0.1647444230001221,0.030915158822811258,True,PASS
REFERENCE_ANCHOR,width,0.17,0.35,1.04,0.34998177178271966,0.17249712479584278,0.01468896938731041,True,PASS
REFERENCE_ANCHOR,width,0.17,0.35,1.06,0.34337834212644186,0.17993590993709746,0.05844652904174969,True,PASS
REFERENCE_ANCHOR,width,0.17,0.35,1.08,0.3370194839389152,0.1871054803336363,0.10062047255080171,False,CD_OUT_OF_SPEC
REFERENCE_ANCHOR,width,0.17,0.35,1.1,0.3308918569582076,0.19404441439106546,0.14143773171214966,False,CD_OUT_OF_SPEC
REFERENCE_ANCHOR,width,0.17,0.35,1.12,0.32498307379823965,0.20080094932230952,0.18118205483711472,False,CD_OUT_OF_SPEC
REFERENCE_ANCHOR,width,0.17,0.35,1.14,0.31928161636318286,0.2074172737041085,0.2201016100241676,False,CD_OUT_OF_SPEC
REFERENCE_ANCHOR,width,0.17,0.35,1.16,0.3137767609086452,0.2138852442657428,0.25814849568083986,False,CD_OUT_OF_SPEC
REFERENCE_ANCHOR,width,0.17,0.35,1.18,0.3084585107237529,0.22025508131091864,0.29561812535834486,False,CD_OUT_OF_SPEC
REFERENCE_ANCHOR,width,0.17,0.35,1.2,0.3033175355450237,0.22661111595082872,0.33300656441663945,False,CD_OUT_OF_SPEC
REFERENCE_ANCHOR,width,0.17,0.4,0.8,0.4549763033175355,nan,,False,MISSING_FEATURE
REFERENCE_ANCHOR,width,0.17,0.4,0.82,0.4438793203097908,nan,,False,MISSING_FEATURE
REFERENCE_ANCHOR,width,0.17,0.4,0.84,0.4333107650643196,nan,,False,MISSING_FEATURE
REFERENCE_ANCHOR,width,0.17,0.4,0.86,0.42323377052794003,nan,,False,MISSING_FEATURE
REFERENCE_ANCHOR,width,0.17,0.4,0.88,0.41361482119775955,nan,,False,MISSING_FEATURE
REFERENCE_ANCHOR,width,0.17,0.4,0.9,0.40442338072669826,0.056372976555655374,0.6683942555549685,False,CD_OUT_OF_SPEC
REFERENCE_ANCHOR,width,0.17,0.4,0.92,0.3956315681022048,0.08303942043166493,0.5115328209902064,False,CD_OUT_OF_SPEC
REFERENCE_ANCHOR,width,0.17,0.4,0.94,0.3872138751638601,0.10299054319000528,0.3941732753529102,False,CD_OUT_OF_SPEC
REFERENCE_ANCHOR,width,0.17,0.4,0.96,0.3791469194312796,0.11978688854090028,0.29537124387705727,False,CD_OUT_OF_SPEC
REFERENCE_ANCHOR,width,0.17,0.4,0.98,0.3714092271979882,0.1343348839661983,0.20979480019883356,False,CD_OUT_OF_SPEC
REFERENCE_ANCHOR,width,0.17,0.4,1.0,0.3639810426540284,0.1477028495669495,0.1311597084297088,False,CD_OUT_OF_SPEC
REFERENCE_ANCHOR,width,0.17,0.4,1.02,0.35684415946473375,0.16017568268289833,0.05779010186530398,True,PASS
REFERENCE_ANCHOR,width,0.17,0.4,1.04,0.34998177178271966,0.17175502242372606,0.010323661316035583,True,PASS
REFERENCE_ANCHOR,width,0.17,0.4,1.06,0.34337834212644186,0.18288873840137085,0.07581610824335785,True,PASS
REFERENCE_ANCHOR,width,0.17,0.4,1.08,0.3370194839389152,0.1935787618802911,0.13869859929582995,False,CD_OUT_OF_SPEC
REFERENCE_ANCHOR,width,0.17,0.4,1.1,0.3308918569582076,0.20400374292353282,0.2000220171972518,False,CD_OUT_OF_SPEC
REFERENCE_ANCHOR,width,0.17,0.4,1.12,0.32498307379823965,0.21423817017330915,0.2602245304312302,False,CD_OUT_OF_SPEC
REFERENCE_ANCHOR,width,0.17,0.4,1.14,0.31928161636318286,0.22440878074613546,0.3200516514478556,False,CD_OUT_OF_SPEC
REFERENCE_ANCHOR,width,0.17,0.4,1.16,0.3137767609086452,0.23460263100332368,0.3800154764901392,False,CD_OUT_OF_SPEC
REFERENCE_ANCHOR,width,0.17,0.4,1.18,0.3084585107237529,0.2449961376190499,0.4411537507002934,False,CD_OUT_OF_SPEC
REFERENCE_ANCHOR,width,0.17,0.4,1.2,0.3033175355450237,0.255653134428366,0.5038419672256823,False,CD_OUT_OF_SPEC
